GAME_ID,GAME_DATE,HTM,VTM,date,candidate_split
22300061,20231024,DEN,LAL,2023-10-24,D
22300062,20231024,GSW,PHX,2023-10-24,D
22300063,20231025,CHA,ATL,2023-10-25,D
22300064,20231025,IND,WAS,2023-10-25,D
22300065,20231025,NYK,BOS,2023-10-25,D
22300066,20231025,ORL,HOU,2023-10-25,D
22300067,20231025,BKN,CLE,2023-10-25,D
22300068,20231025,MIA,DET,2023-10-25,D
22300069,20231025,TOR,MIN,2023-10-25,D
22300070,20231025,CHI,OKC,2023-10-25,D
22300071,20231025,MEM,NOP,2023-10-25,D
22300072,20231025,UTA,SAC,2023-10-25,D
22300073,20231025,SAS,DAL,2023-10-25,D
22300074,20231025,LAC,POR,2023-10-25,D
22300075,20231026,MIL,PHI,2023-10-26,D
22300076,20231026,LAL,PHX,2023-10-26,D
22300077,20231027,CHA,DET,2023-10-27,D
22300078,20231027,MEM,DEN,2023-10-27,D
22300079,20231027,ATL,NYK,2023-10-27,D
22300080,20231027,BOS,MIA,2023-10-27,D
22300081,20231027,CLE,OKC,2023-10-27,D
22300082,20231027,CHI,TOR,2023-10-27,D
22300083,20231027,SAS,HOU,2023-10-27,D
22300084,20231027,DAL,BKN,2023-10-27,D
22300085,20231027,UTA,LAC,2023-10-27,D
22300086,20231027,POR,ORL,2023-10-27,D
22300087,20231027,SAC,GSW,2023-10-27,D
22300088,20231028,DET,CHI,2023-10-28,D
22300089,20231028,WAS,MEM,2023-10-28,D
22300090,20231028,NOP,NYK,2023-10-28,D
22300091,20231028,CLE,IND,2023-10-28,D
22300092,20231028,TOR,PHI,2023-10-28,D
22300093,20231028,MIN,MIA,2023-10-28,D
22300094,20231028,PHX,UTA,2023-10-28,D
22300095,20231029,OKC,DEN,2023-10-29,D
22300096,20231029,HOU,GSW,2023-10-29,D
22300097,20231029,MIL,ATL,2023-10-29,D
22300098,20231029,PHI,POR,2023-10-29,D
22300099,20231029,LAC,SAS,2023-10-29,D
22300100,20231029,SAC,LAL,2023-10-29,D
22300101,20231030,CHA,BKN,2023-10-30,D
22300102,20231030,IND,CHI,2023-10-30,D
22300103,20231030,WAS,BOS,2023-10-30,D
22300104,20231030,ATL,MIN,2023-10-30,D
22300105,20231030,TOR,POR,2023-10-30,D
22300106,20231030,MEM,DAL,2023-10-30,D
22300107,20231030,MIL,MIA,2023-10-30,D
22300108,20231030,NOP,GSW,2023-10-30,D
22300109,20231030,OKC,DET,2023-10-30,D
22300110,20231030,DEN,UTA,2023-10-30,D
22300111,20231030,LAL,ORL,2023-10-30,D
22300112,20231031,CLE,NYK,2023-10-31,D
22300113,20231031,PHX,SAS,2023-10-31,D
22300114,20231031,LAC,ORL,2023-10-31,D
22300115,20231101,DET,POR,2023-11-01,D
22300116,20231101,TOR,MIL,2023-11-01,D
22300117,20231101,ATL,WAS,2023-11-01,D
22300118,20231101,BOS,IND,2023-11-01,D
22300119,20231101,MIA,BKN,2023-11-01,D
22300120,20231101,NYK,CLE,2023-11-01,D
22300121,20231101,OKC,NOP,2023-11-01,D
22300122,20231101,HOU,CHA,2023-11-01,D
22300123,20231101,MIN,DEN,2023-11-01,D
22300124,20231101,DAL,CHI,2023-11-01,D
22300125,20231101,UTA,MEM,2023-11-01,D
22300126,20231101,GSW,SAC,2023-11-01,D
22300127,20231101,LAL,LAC,2023-11-01,D
22300128,20231102,PHI,TOR,2023-11-02,D
22300129,20231102,NOP,DET,2023-11-02,D
22300130,20231102,UTA,ORL,2023-11-02,D
22300131,20231102,PHX,SAS,2023-11-02,D
22300001,20231103,IND,CLE,2023-11-03,D
22300002,20231103,MIL,NYK,2023-11-03,D
22300003,20231103,MIA,WAS,2023-11-03,D
22300004,20231103,CHI,BKN,2023-11-03,D
22300005,20231103,OKC,GSW,2023-11-03,D
22300006,20231103,DEN,DAL,2023-11-03,D
22300007,20231103,POR,MEM,2023-11-03,D
22300132,20231104,PHI,PHX,2023-11-04,D
22300133,20231104,IND,CHA,2023-11-04,D
22300134,20231104,ORL,LAL,2023-11-04,D
22300135,20231104,NOP,ATL,2023-11-04,D
22300136,20231104,BKN,BOS,2023-11-04,D
22300137,20231104,HOU,SAC,2023-11-04,D
22300138,20231104,MIN,UTA,2023-11-04,D
22300139,20231104,DEN,CHI,2023-11-04,D
22300140,20231105,DET,PHX,2023-11-05,D
22300141,20231105,SAS,TOR,2023-11-05,D
22300142,20231105,CLE,GSW,2023-11-05,D
22300143,20231105,DAL,CHA,2023-11-05,D
22300144,20231105,POR,MEM,2023-11-05,D
22300145,20231106,DET,GSW,2023-11-06,D
22300146,20231106,IND,SAS,2023-11-06,D
22300147,20231106,ORL,DAL,2023-11-06,D
22300148,20231106,PHI,WAS,2023-11-06,D
22300149,20231106,BKN,MIL,2023-11-06,D
22300150,20231106,MIA,LAL,2023-11-06,D
22300151,20231106,NYK,LAC,2023-11-06,D
22300152,20231106,CHI,UTA,2023-11-06,D
22300153,20231106,HOU,SAC,2023-11-06,D
22300154,20231106,MIN,BOS,2023-11-06,D
22300155,20231106,OKC,ATL,2023-11-06,D
22300156,20231106,DEN,NOP,2023-11-06,D
22300157,20231108,CHA,WAS,2023-11-08,D
22300158,20231108,IND,UTA,2023-11-08,D
22300159,20231108,PHI,BOS,2023-11-08,D
22300160,20231108,BKN,LAC,2023-11-08,D
22300161,20231108,NYK,SAS,2023-11-08,D
22300162,20231108,CHI,PHX,2023-11-08,D
22300163,20231108,HOU,LAL,2023-11-08,D
22300164,20231108,MEM,MIA,2023-11-08,D
22300165,20231108,MIL,DET,2023-11-08,D
22300166,20231108,MIN,NOP,2023-11-08,D
22300167,20231108,OKC,CLE,2023-11-08,D
22300168,20231108,DAL,TOR,2023-11-08,D
22300169,20231108,DEN,GSW,2023-11-08,D
22300170,20231108,SAC,POR,2023-11-08,D
22300171,20231109,IND,MIL,2023-11-09,D
22300172,20231109,ORL,ATL,2023-11-09,D
22300008,20231110,DET,PHI,2023-11-10,D
22300009,20231110,WAS,CHA,2023-11-10,D
22300010,20231110,BOS,BKN,2023-11-10,D
22300011,20231110,HOU,NOP,2023-11-10,D
22300012,20231110,MEM,UTA,2023-11-10,D
22300013,20231110,SAS,MIN,2023-11-10,D
22300014,20231110,DAL,LAC,2023-11-10,D
22300015,20231110,PHX,LAL,2023-11-10,D
22300016,20231110,SAC,OKC,2023-11-10,D
22300173,20231111,ORL,MIL,2023-11-11,D
22300174,20231111,BOS,TOR,2023-11-11,D
22300175,20231111,ATL,MIA,2023-11-11,D
22300176,20231111,GSW,CLE,2023-11-11,D
22300177,20231112,NYK,CHA,2023-11-12,D
22300178,20231112,BKN,WAS,2023-11-12,D
22300179,20231112,LAC,MEM,2023-11-12,D
22300180,20231112,PHI,IND,2023-11-12,D
22300181,20231112,CHI,DET,2023-11-12,D
22300182,20231112,HOU,DEN,2023-11-12,D
22300183,20231112,NOP,DAL,2023-11-12,D
22300184,20231112,SAS,MIA,2023-11-12,D
22300185,20231112,PHX,OKC,2023-11-12,D
22300186,20231112,GSW,MIN,2023-11-12,D
22300187,20231112,LAL,POR,2023-11-12,D
22300188,20231113,BOS,NYK,2023-11-13,D
22300189,20231113,TOR,WAS,2023-11-13,D
22300190,20231113,MIL,CHI,2023-11-13,D
22300191,20231113,SAC,CLE,2023-11-13,D
22300017,20231114,CHA,MIA,2023-11-14,D
22300018,20231114,DET,ATL,2023-11-14,D
22300019,20231114,PHI,IND,2023-11-14,D
22300020,20231114,BKN,ORL,2023-11-14,D
22300021,20231114,OKC,SAS,2023-11-14,D
22300022,20231114,NOP,DAL,2023-11-14,D
22300023,20231114,UTA,POR,2023-11-14,D
22300024,20231114,DEN,LAC,2023-11-14,D
22300025,20231114,GSW,MIN,2023-11-14,D
22300026,20231114,LAL,MEM,2023-11-14,D
22300192,20231115,WAS,DAL,2023-11-15,D
22300193,20231115,ATL,NYK,2023-11-15,D
22300194,20231115,PHI,BOS,2023-11-15,D
22300195,20231115,TOR,MIL,2023-11-15,D
22300196,20231115,CHI,ORL,2023-11-15,D
22300197,20231115,PHX,MIN,2023-11-15,D
22300198,20231115,LAL,SAC,2023-11-15,D
22300199,20231115,POR,CLE,2023-11-15,D
22300200,20231116,MIA,BKN,2023-11-16,D
22300201,20231116,GSW,OKC,2023-11-16,D
22300027,20231117,CHA,MIL,2023-11-17,D
22300028,20231117,WAS,NYK,2023-11-17,D
22300029,20231117,ATL,PHI,2023-11-17,D
22300030,20231117,CLE,DET,2023-11-17,D
22300031,20231117,TOR,BOS,2023-11-17,D
22300032,20231117,SAS,SAC,2023-11-17,D
22300033,20231117,CHI,ORL,2023-11-17,D
22300034,20231117,NOP,DEN,2023-11-17,D
22300035,20231117,UTA,PHX,2023-11-17,D
22300036,20231117,POR,LAL,2023-11-17,D
22300037,20231117,LAC,HOU,2023-11-17,D
22300202,20231118,CHA,NYK,2023-11-18,D
22300203,20231118,NOP,MIN,2023-11-18,D
22300204,20231118,CHI,MIA,2023-11-18,D
22300205,20231118,MIL,DAL,2023-11-18,D
22300206,20231118,SAS,MEM,2023-11-18,D
22300207,20231118,GSW,OKC,2023-11-18,D
22300208,20231119,BKN,PHI,2023-11-19,D
22300209,20231119,IND,ORL,2023-11-19,D
22300210,20231119,CLE,DEN,2023-11-19,D
22300211,20231119,TOR,DET,2023-11-19,D
22300212,20231119,DAL,SAC,2023-11-19,D
22300213,20231119,MEM,BOS,2023-11-19,D
22300214,20231119,UTA,PHX,2023-11-19,D
22300215,20231119,POR,OKC,2023-11-19,D
22300216,20231119,LAL,HOU,2023-11-19,D
22300217,20231120,CHA,BOS,2023-11-20,D
22300218,20231120,DET,DEN,2023-11-20,D
22300219,20231120,WAS,MIL,2023-11-20,D
22300220,20231120,CHI,MIA,2023-11-20,D
22300221,20231120,MIN,NYK,2023-11-20,D
22300222,20231120,NOP,SAC,2023-11-20,D
22300223,20231120,SAS,LAC,2023-11-20,D
22300224,20231120,GSW,HOU,2023-11-20,D
22300038,20231121,ORL,TOR,2023-11-21,D
22300039,20231121,ATL,IND,2023-11-21,D
22300040,20231121,PHI,CLE,2023-11-21,D
22300041,20231121,PHX,POR,2023-11-21,D
22300042,20231121,LAL,UTA,2023-11-21,D
22300225,20231122,CHA,WAS,2023-11-22,D
22300226,20231122,ORL,DEN,2023-11-22,D
22300227,20231122,ATL,BKN,2023-11-22,D
22300228,20231122,BOS,MIL,2023-11-22,D
22300229,20231122,CLE,MIA,2023-11-22,D
22300230,20231122,IND,TOR,2023-11-22,D
22300231,20231122,HOU,MEM,2023-11-22,D
22300232,20231122,MIN,PHI,2023-11-22,D
22300233,20231122,NOP,SAC,2023-11-22,D
22300234,20231122,OKC,CHI,2023-11-22,D
22300235,20231122,SAS,LAC,2023-11-22,D
22300236,20231122,PHX,GSW,2023-11-22,D
22300237,20231122,POR,UTA,2023-11-22,D
22300238,20231122,LAL,DAL,2023-11-22,D
22300043,20231124,ORL,BOS,2023-11-24,D
22300044,20231124,MEM,PHX,2023-11-24,D
22300045,20231124,NYK,MIA,2023-11-24,D
22300046,20231124,TOR,CHI,2023-11-24,D
22300047,20231124,IND,DET,2023-11-24,D
22300048,20231124,HOU,DEN,2023-11-24,D
22300049,20231124,MIL,WAS,2023-11-24,D
22300050,20231124,MIN,SAC,2023-11-24,D
22300051,20231124,GSW,SAS,2023-11-24,D
22300052,20231124,LAC,NOP,2023-11-24,D
22300239,20231125,OKC,PHI,2023-11-25,D
22300240,20231125,BKN,MIA,2023-11-25,D
22300241,20231125,WAS,ATL,2023-11-25,D
22300242,20231125,CLE,LAL,2023-11-25,D
22300243,20231125,UTA,NOP,2023-11-25,D
22300244,20231125,LAC,DAL,2023-11-25,D
22300245,20231126,MIL,POR,2023-11-26,D
22300246,20231126,BOS,ATL,2023-11-26,D
22300247,20231126,NYK,PHX,2023-11-26,D
22300248,20231126,ORL,CHA,2023-11-26,D
22300249,20231126,MEM,MIN,2023-11-26,D
22300250,20231126,BKN,CHI,2023-11-26,D
22300251,20231126,CLE,TOR,2023-11-26,D
22300252,20231126,DEN,SAS,2023-11-26,D
22300253,20231127,DET,WAS,2023-11-27,D
22300254,20231127,IND,POR,2023-11-27,D
22300255,20231127,PHI,LAL,2023-11-27,D
22300256,20231127,UTA,NOP,2023-11-27,D
22300257,20231127,LAC,DEN,2023-11-27,D
22300053,20231128,BOS,CHI,2023-11-28,D
22300054,20231128,BKN,TOR,2023-11-28,D
22300055,20231128,CLE,ATL,2023-11-28,D
22300056,20231128,MIA,MIL,2023-11-28,D
22300057,20231128,NYK,CHA,2023-11-28,D
22300058,20231128,MIN,OKC,2023-11-28,D
22300059,20231128,DAL,HOU,2023-11-28,D
22300060,20231128,SAC,GSW,2023-11-28,D
22300258,20231129,DET,LAL,2023-11-29,D
22300259,20231129,ORL,WAS,2023-11-29,D
22300260,20231129,TOR,PHX,2023-11-29,D
22300261,20231129,MEM,UTA,2023-11-29,D
22300262,20231129,NOP,PHI,2023-11-29,D
22300263,20231129,DEN,HOU,2023-11-29,D
22300264,20231129,SAC,LAC,2023-11-29,D
22300265,20231130,CLE,POR,2023-11-30,D
22300266,20231130,BKN,CHA,2023-11-30,D
22300267,20231130,MIA,IND,2023-11-30,D
22300268,20231130,NYK,DET,2023-11-30,D
22300269,20231130,CHI,MIL,2023-11-30,D
22300270,20231130,MIN,UTA,2023-11-30,D
22300271,20231130,OKC,LAL,2023-11-30,D
22300272,20231130,SAS,ATL,2023-11-30,D
22300273,20231130,GSW,LAC,2023-11-30,D
22300274,20231201,ORL,WAS,2023-12-01,D
22300275,20231201,BOS,PHI,2023-12-01,D
22300276,20231201,TOR,NYK,2023-12-01,D
22300277,20231201,DAL,MEM,2023-12-01,D
22300278,20231201,NOP,SAS,2023-12-01,D
22300279,20231201,PHX,DEN,2023-12-01,D
22300280,20231202,LAC,GSW,2023-12-02,D
22300281,20231202,CHA,MIN,2023-12-02,D
22300282,20231202,BKN,ORL,2023-12-02,D
22300283,20231202,DET,CLE,2023-12-02,D
22300284,20231202,MIA,IND,2023-12-02,D
22300285,20231202,CHI,NOP,2023-12-02,D
22300286,20231202,MIL,ATL,2023-12-02,D
22300287,20231202,DAL,OKC,2023-12-02,D
22300288,20231202,PHX,MEM,2023-12-02,D
22300289,20231202,UTA,POR,2023-12-02,D
22300290,20231202,SAC,DEN,2023-12-02,D
22300291,20231202,LAL,HOU,2023-12-02,D
22301202,20231204,IND,BOS,2023-12-04,D
22301204,20231204,SAC,NOP,2023-12-04,D
22301201,20231205,MIL,NYK,2023-12-05,D
22301203,20231205,LAL,PHX,2023-12-05,D
22301205,20231206,CLE,ORL,2023-12-06,D
22301206,20231206,DET,MEM,2023-12-06,D
22301207,20231206,TOR,MIA,2023-12-06,D
22301208,20231206,WAS,PHI,2023-12-06,D
22301209,20231206,ATL,BKN,2023-12-06,D
22301210,20231206,MIN,SAS,2023-12-06,D
22301211,20231206,CHI,CHA,2023-12-06,D
22301212,20231206,HOU,OKC,2023-12-06,D
22301213,20231206,DAL,UTA,2023-12-06,D
22301214,20231206,GSW,POR,2023-12-06,D
22301215,20231206,LAC,DEN,2023-12-06,D
22301229,20231207,MIL,IND,2023-12-07,D
22301230,20231207,LAL,NOP,2023-12-07,D
22301216,20231208,CHA,TOR,2023-12-08,D
22301217,20231208,ORL,DET,2023-12-08,D
22301218,20231208,PHI,ATL,2023-12-08,D
22301219,20231208,BKN,WAS,2023-12-08,D
22301220,20231208,MIA,CLE,2023-12-08,D
22301221,20231208,MEM,MIN,2023-12-08,D
22301222,20231208,OKC,GSW,2023-12-08,D
22301223,20231208,SAS,CHI,2023-12-08,D
22301224,20231208,DEN,HOU,2023-12-08,D
22301225,20231208,UTA,LAC,2023-12-08,D
22301226,20231208,POR,DAL,2023-12-08,D
22301227,20231208,BOS,NYK,2023-12-08,D
22301228,20231208,PHX,SAC,2023-12-08,D
22300292,20231211,CHA,MIA,2023-12-11,D
22300293,20231211,DET,IND,2023-12-11,D
22300294,20231211,ORL,CLE,2023-12-11,D
22300295,20231211,PHI,WAS,2023-12-11,D
22300296,20231211,ATL,DEN,2023-12-11,D
22300297,20231211,NYK,TOR,2023-12-11,D
22300298,20231211,HOU,SAS,2023-12-11,D
22300299,20231211,MEM,DAL,2023-12-11,D
22300300,20231211,MIL,CHI,2023-12-11,D
22300301,20231211,NOP,MIN,2023-12-11,D
22300302,20231211,OKC,UTA,2023-12-11,D
22300303,20231211,SAC,BKN,2023-12-11,D
22300304,20231211,LAC,POR,2023-12-11,D
22300305,20231212,BOS,CLE,2023-12-12,D
22300306,20231212,DAL,LAL,2023-12-12,D
22300307,20231212,CHI,DEN,2023-12-12,D
22300308,20231212,PHX,GSW,2023-12-12,D
22300309,20231212,LAC,SAC,2023-12-12,D
22300310,20231213,DET,PHI,2023-12-13,D
22300311,20231213,WAS,NOP,2023-12-13,D
22300312,20231213,MIA,CHA,2023-12-13,D
22300313,20231213,TOR,ATL,2023-12-13,D
22300314,20231213,HOU,MEM,2023-12-13,D
22300315,20231213,MIL,IND,2023-12-13,D
22300316,20231213,SAS,LAL,2023-12-13,D
22300317,20231213,PHX,BKN,2023-12-13,D
22300318,20231213,UTA,NYK,2023-12-13,D
22300319,20231214,BOS,CLE,2023-12-14,D
22300320,20231214,MIA,CHI,2023-12-14,D
22300321,20231214,DAL,MIN,2023-12-14,D
22300322,20231214,DEN,BKN,2023-12-14,D
22300323,20231214,POR,UTA,2023-12-14,D
22300324,20231214,SAC,OKC,2023-12-14,D
22300325,20231214,LAC,GSW,2023-12-14,D
22300326,20231215,CHA,NOP,2023-12-15,D
22300327,20231215,PHI,DET,2023-12-15,D
22300328,20231215,WAS,IND,2023-12-15,D
22300329,20231215,BOS,ORL,2023-12-15,D
22300330,20231215,TOR,ATL,2023-12-15,D
22300331,20231215,SAS,LAL,2023-12-15,D
22300332,20231215,MEM,HOU,2023-12-15,D
22300333,20231215,PHX,NYK,2023-12-15,D
22300334,20231216,MIL,DET,2023-12-16,D
22300335,20231216,CHA,PHI,2023-12-16,D
22300336,20231216,CLE,ATL,2023-12-16,D
22300337,20231216,MIA,CHI,2023-12-16,D
22300338,20231216,MIN,IND,2023-12-16,D
22300339,20231216,GSW,BKN,2023-12-16,D
22300340,20231216,DEN,OKC,2023-12-16,D
22300341,20231216,POR,DAL,2023-12-16,D
22300342,20231216,SAC,UTA,2023-12-16,D
22300343,20231216,LAC,NYK,2023-12-16,D
22300344,20231217,BOS,ORL,2023-12-17,D
22300345,20231217,SAS,NOP,2023-12-17,D
22300346,20231217,MIL,HOU,2023-12-17,D
22300347,20231217,PHX,WAS,2023-12-17,D
22300348,20231217,POR,GSW,2023-12-17,D
22300349,20231218,CLE,HOU,2023-12-18,D
22300350,20231218,IND,LAC,2023-12-18,D
22300351,20231218,PHI,CHI,2023-12-18,D
22300352,20231218,ATL,DET,2023-12-18,D
22300353,20231218,MIA,MIN,2023-12-18,D
22300354,20231218,TOR,CHA,2023-12-18,D
22300355,20231218,OKC,MEM,2023-12-18,D
22300356,20231218,DEN,DAL,2023-12-18,D
22300357,20231218,UTA,BKN,2023-12-18,D
22300358,20231218,SAC,WAS,2023-12-18,D
22300359,20231218,LAL,NYK,2023-12-18,D
22300360,20231219,NOP,MEM,2023-12-19,D
22300361,20231219,MIL,SAS,2023-12-19,D
22300362,20231219,GSW,BOS,2023-12-19,D
22300363,20231219,POR,PHX,2023-12-19,D
22300364,20231220,CLE,UTA,2023-12-20,D
22300365,20231220,IND,CHA,2023-12-20,D
22300366,20231220,ORL,MIA,2023-12-20,D
22300367,20231220,PHI,MIN,2023-12-20,D
22300368,20231220,BKN,NYK,2023-12-20,D
22300369,20231220,TOR,DEN,2023-12-20,D
22300370,20231220,CHI,LAL,2023-12-20,D
22300371,20231220,HOU,ATL,2023-12-20,D
22300372,20231220,DAL,LAC,2023-12-20,D
22300373,20231220,SAC,BOS,2023-12-20,D
22300374,20231221,DET,UTA,2023-12-21,D
22300375,20231221,CLE,NOP,2023-12-21,D
22300376,20231221,CHI,SAS,2023-12-21,D
22300377,20231221,MEM,IND,2023-12-21,D
22300378,20231221,MIL,ORL,2023-12-21,D
22300379,20231221,OKC,LAC,2023-12-21,D
22300380,20231221,MIN,LAL,2023-12-21,D
22300381,20231221,POR,WAS,2023-12-21,D
22300382,20231222,PHI,TOR,2023-12-22,D
22300383,20231222,BKN,DEN,2023-12-22,D
22300384,20231222,MIA,ATL,2023-12-22,D
22300385,20231222,HOU,DAL,2023-12-22,D
22300386,20231222,GSW,WAS,2023-12-22,D
22300387,20231222,SAC,PHX,2023-12-22,D
22300388,20231223,NYK,MIL,2023-12-23,D
22300389,20231223,LAC,BOS,2023-12-23,D
22300390,20231223,CHA,DEN,2023-12-23,D
22300391,20231223,IND,ORL,2023-12-23,D
22300392,20231223,NOP,HOU,2023-12-23,D
22300393,20231223,ATL,MEM,2023-12-23,D
22300394,20231223,BKN,DET,2023-12-23,D
22300395,20231223,TOR,UTA,2023-12-23,D
22300396,20231223,CHI,CLE,2023-12-23,D
22300397,20231223,OKC,LAL,2023-12-23,D
22300398,20231223,DAL,SAS,2023-12-23,D
22300399,20231223,GSW,POR,2023-12-23,D
22300400,20231223,SAC,MIN,2023-12-23,D
22300401,20231225,NYK,MIL,2023-12-25,D
22300402,20231225,DEN,GSW,2023-12-25,D
22300403,20231225,LAL,BOS,2023-12-25,D
22300404,20231225,MIA,PHI,2023-12-25,D
22300405,20231225,PHX,DAL,2023-12-25,D
22300406,20231226,DET,BKN,2023-12-26,D
22300407,20231226,WAS,ORL,2023-12-26,D
22300408,20231226,CHI,ATL,2023-12-26,D
22300409,20231226,HOU,IND,2023-12-26,D
22300410,20231226,NOP,MEM,2023-12-26,D
22300411,20231226,OKC,MIN,2023-12-26,D
22300412,20231226,SAS,UTA,2023-12-26,D
22300413,20231226,POR,SAC,2023-12-26,D
22300414,20231226,LAC,CHA,2023-12-26,D
22300415,20231227,ORL,PHI,2023-12-27,D
22300416,20231227,WAS,TOR,2023-12-27,D
22300417,20231227,BKN,MIL,2023-12-27,D
22300418,20231227,HOU,PHX,2023-12-27,D
22300419,20231227,OKC,NYK,2023-12-27,D
22300420,20231227,DAL,CLE,2023-12-27,D
22300421,20231228,BOS,DET,2023-12-28,D
22300422,20231228,CHI,IND,2023-12-28,D
22300423,20231228,MIN,DAL,2023-12-28,D
22300424,20231228,NOP,UTA,2023-12-28,D
22300425,20231228,DEN,MEM,2023-12-28,D
22300426,20231228,GSW,MIA,2023-12-28,D
22300427,20231228,POR,SAS,2023-12-28,D
22300428,20231228,LAL,CHA,2023-12-28,D
22300429,20231229,ORL,NYK,2023-12-29,D
22300430,20231229,WAS,BKN,2023-12-29,D
22300431,20231229,ATL,SAC,2023-12-29,D
22300432,20231229,BOS,TOR,2023-12-29,D
22300433,20231229,CLE,MIL,2023-12-29,D
22300434,20231229,HOU,PHI,2023-12-29,D
22300435,20231229,DEN,OKC,2023-12-29,D
22300436,20231229,PHX,CHA,2023-12-29,D
22300437,20231229,POR,SAS,2023-12-29,D
22300438,20231229,LAC,MEM,2023-12-29,D
22300439,20231230,UTA,MIA,2023-12-30,D
22300440,20231230,DET,TOR,2023-12-30,D
22300441,20231230,IND,NYK,2023-12-30,D
22300442,20231230,CHI,PHI,2023-12-30,D
22300443,20231230,MIN,LAL,2023-12-30,D
22300444,20231230,GSW,DAL,2023-12-30,D
22300445,20231231,WAS,ATL,2023-12-31,D
22300446,20231231,NOP,LAL,2023-12-31,D
22300447,20231231,OKC,BKN,2023-12-31,D
22300448,20231231,SAS,BOS,2023-12-31,D
22300449,20231231,MEM,SAC,2023-12-31,D
22300450,20231231,PHX,ORL,2023-12-31,D
22300451,20240101,NYK,MIN,2024-01-01,D
22300452,20240101,TOR,CLE,2024-01-01,D
22300453,20240101,HOU,DET,2024-01-01,D
22300454,20240101,MIL,IND,2024-01-01,D
22300455,20240101,DEN,CHA,2024-01-01,D
22300456,20240101,PHX,POR,2024-01-01,D
22300457,20240101,UTA,DAL,2024-01-01,D
22300458,20240101,LAC,MIA,2024-01-01,D
22300459,20240102,PHI,CHI,2024-01-02,D
22300460,20240102,MEM,SAS,2024-01-02,D
22300461,20240102,NOP,BKN,2024-01-02,D
22300462,20240102,OKC,BOS,2024-01-02,D
22300463,20240102,GSW,ORL,2024-01-02,D
22300464,20240102,SAC,CHA,2024-01-02,D
22300465,20240103,CLE,WAS,2024-01-03,D
22300466,20240103,IND,MIL,2024-01-03,D
22300467,20240103,ATL,OKC,2024-01-03,D
22300468,20240103,NYK,CHI,2024-01-03,D
22300469,20240103,HOU,BKN,2024-01-03,D
22300470,20240103,MEM,TOR,2024-01-03,D
22300471,20240103,MIN,NOP,2024-01-03,D
22300472,20240103,DAL,POR,2024-01-03,D
22300473,20240103,PHX,LAC,2024-01-03,D
22300474,20240103,UTA,DET,2024-01-03,D
22300475,20240103,LAL,MIA,2024-01-03,D
22300476,20240103,SAC,ORL,2024-01-03,D
22300477,20240104,SAS,MIL,2024-01-04,D
22300478,20240104,GSW,DEN,2024-01-04,D
22300479,20240105,BOS,UTA,2024-01-05,D
22300480,20240105,IND,ATL,2024-01-05,D
22300481,20240105,BKN,OKC,2024-01-05,D
22300482,20240105,CLE,WAS,2024-01-05,D
22300483,20240105,PHI,NYK,2024-01-05,D
22300484,20240105,CHI,CHA,2024-01-05,D
22300485,20240105,HOU,MIN,2024-01-05,D
22300486,20240105,NOP,LAC,2024-01-05,D
22300487,20240105,DAL,POR,2024-01-05,D
22300488,20240105,DEN,ORL,2024-01-05,D
22300489,20240105,PHX,MIA,2024-01-05,D
22300490,20240105,GSW,DET,2024-01-05,D
22300491,20240105,LAL,MEM,2024-01-05,D
22300492,20240105,SAC,TOR,2024-01-05,D
22300493,20240106,IND,BOS,2024-01-06,D
22300494,20240106,WAS,NYK,2024-01-06,D
22300495,20240106,PHI,UTA,2024-01-06,D
22300496,20240106,HOU,MIL,2024-01-06,D
22300497,20240107,CLE,SAS,2024-01-07,D
22300498,20240107,BKN,POR,2024-01-07,D
22300499,20240107,ORL,ATL,2024-01-07,D
22300500,20240107,SAC,NOP,2024-01-07,D
22300501,20240107,DAL,MIN,2024-01-07,D
22300502,20240107,DEN,DET,2024-01-07,D
22300503,20240107,PHX,MEM,2024-01-07,D
22300504,20240107,GSW,TOR,2024-01-07,D
22300505,20240107,LAL,LAC,2024-01-07,D
22300506,20240108,CHA,CHI,2024-01-08,D
22300507,20240108,IND,BOS,2024-01-08,D
22300508,20240108,WAS,OKC,2024-01-08,D
22300509,20240108,MIA,HOU,2024-01-08,D
22300510,20240108,MIL,UTA,2024-01-08,D
22300511,20240108,LAC,PHX,2024-01-08,D
22300512,20240109,DET,SAC,2024-01-09,D
22300513,20240109,ORL,MIN,2024-01-09,D
22300514,20240109,NYK,POR,2024-01-09,D
22300515,20240109,DAL,MEM,2024-01-09,D
22300516,20240109,LAL,TOR,2024-01-09,D
22300517,20240110,BOS,MIN,2024-01-10,D
22300518,20240110,CHA,SAC,2024-01-10,D
22300519,20240110,DET,SAS,2024-01-10,D
22300520,20240110,IND,WAS,2024-01-10,D
22300521,20240110,ATL,PHI,2024-01-10,D
22300522,20240110,MIA,OKC,2024-01-10,D
22300523,20240110,CHI,HOU,2024-01-10,D
22300524,20240110,UTA,DEN,2024-01-10,D
22300525,20240110,GSW,NOP,2024-01-10,D
22300526,20240110,LAC,TOR,2024-01-10,D
22300527,20240111,CLE,BKN,2024-01-11,D
22300528,20240111,MIL,BOS,2024-01-11,D
22300529,20240111,OKC,POR,2024-01-11,D
22300530,20240111,DAL,NYK,2024-01-11,D
22300531,20240111,LAL,PHX,2024-01-11,D
22300532,20240112,PHI,SAC,2024-01-12,D
22300533,20240112,ATL,IND,2024-01-12,D
22300534,20240112,DET,HOU,2024-01-12,D
22300535,20240112,MIA,ORL,2024-01-12,D
22300536,20240112,CHI,GSW,2024-01-12,D
22300537,20240112,MEM,LAC,2024-01-12,D
22300538,20240112,MIN,POR,2024-01-12,D
22300539,20240112,DEN,NOP,2024-01-12,D
22300540,20240112,UTA,TOR,2024-01-12,D
22300541,20240112,SAS,CHA,2024-01-12,D
22300542,20240113,BOS,HOU,2024-01-13,D
22300543,20240113,ATL,WAS,2024-01-13,D
22300544,20240113,MEM,NYK,2024-01-13,D
22300545,20240113,MIL,GSW,2024-01-13,D
22300546,20240113,OKC,ORL,2024-01-13,D
22300547,20240113,DAL,NOP,2024-01-13,D
22300548,20240113,SAS,CHI,2024-01-13,D
22300549,20240113,UTA,LAL,2024-01-13,D
22300550,20240114,DEN,IND,2024-01-14,D
22300551,20240114,MIA,CHA,2024-01-14,D
22300552,20240114,MIL,SAC,2024-01-14,D
22300553,20240114,MIN,LAC,2024-01-14,D
22300554,20240114,POR,PHX,2024-01-14,D
22300555,20240115,PHI,HOU,2024-01-15,D
22300556,20240115,DAL,NOP,2024-01-15,D
22300557,20240115,NYK,ORL,2024-01-15,D
22300558,20240115,WAS,DET,2024-01-15,D
22300559,20240115,ATL,SAS,2024-01-15,D
22300560,20240115,MEM,GSW,2024-01-15,D
22300561,20240115,CLE,CHI,2024-01-15,D
22300562,20240115,BKN,MIA,2024-01-15,D
22300563,20240115,TOR,BOS,2024-01-15,D
22300564,20240115,UTA,IND,2024-01-15,D
22300565,20240115,LAL,OKC,2024-01-15,D
22300566,20240116,PHI,DEN,2024-01-16,D
22300567,20240116,PHX,SAC,2024-01-16,D
22300568,20240116,LAC,OKC,2024-01-16,D
22300569,20240117,DET,MIN,2024-01-17,D
22300570,20240117,ATL,ORL,2024-01-17,D
22300571,20240117,BOS,SAS,2024-01-17,D
22300572,20240117,CLE,MIL,2024-01-17,D
22300573,20240117,NYK,HOU,2024-01-17,D
22300574,20240117,TOR,MIA,2024-01-17,D
22300575,20240117,NOP,CHA,2024-01-17,D
22300577,20240117,LAL,DAL,2024-01-17,D
22300578,20240117,POR,BKN,2024-01-17,D
22300579,20240118,NYK,WAS,2024-01-18,D
22300580,20240118,TOR,CHI,2024-01-18,D
22300581,20240118,UTA,OKC,2024-01-18,D
22300582,20240118,MIN,MEM,2024-01-18,D
22300583,20240118,SAC,IND,2024-01-18,D
22300584,20240119,CHA,SAS,2024-01-19,D
22300585,20240119,ORL,PHI,2024-01-19,D
22300586,20240119,BOS,DEN,2024-01-19,D
22300587,20240119,MIA,ATL,2024-01-19,D
22300588,20240119,NOP,PHX,2024-01-19,D
22300590,20240119,POR,IND,2024-01-19,D
22300591,20240119,LAL,BKN,2024-01-19,D
22300592,20240120,DET,MIL,2024-01-20,D
22300593,20240120,CHA,PHI,2024-01-20,D
22300594,20240120,WAS,SAS,2024-01-20,D
22300595,20240120,ATL,CLE,2024-01-20,D
22300596,20240120,NYK,TOR,2024-01-20,D
22300597,20240120,CHI,MEM,2024-01-20,D
22300598,20240120,HOU,UTA,2024-01-20,D
22300599,20240120,MIN,OKC,2024-01-20,D
22300600,20240121,LAC,BKN,2024-01-21,D
22300601,20240121,ORL,MIA,2024-01-21,D
22300602,20240121,WAS,DEN,2024-01-21,D
22300603,20240121,HOU,BOS,2024-01-21,D
22300604,20240121,PHX,IND,2024-01-21,D
22300605,20240121,LAL,POR,2024-01-21,D
22300606,20240122,DET,MIL,2024-01-22,D
22300607,20240122,ORL,CLE,2024-01-22,D
22300608,20240122,PHI,SAS,2024-01-22,D
22300609,20240122,TOR,MEM,2024-01-22,D
22300610,20240122,MIN,CHA,2024-01-22,D
22300611,20240122,DAL,BOS,2024-01-22,D
22300612,20240122,PHX,CHI,2024-01-22,D
22300613,20240122,SAC,ATL,2024-01-22,D
22300614,20240123,IND,DEN,2024-01-23,D
22300615,20240123,BKN,NYK,2024-01-23,D
22300616,20240123,NOP,UTA,2024-01-23,D
22300617,20240123,OKC,POR,2024-01-23,D
22300618,20240123,LAC,LAL,2024-01-23,D
22300619,20240124,DET,CHA,2024-01-24,D
22300620,20240124,WAS,MIN,2024-01-24,D
22300621,20240124,MIA,MEM,2024-01-24,D
22300622,20240124,SAS,OKC,2024-01-24,D
22300623,20240124,HOU,POR,2024-01-24,D
22300624,20240124,MIL,CLE,2024-01-24,D
22300625,20240124,DAL,PHX,2024-01-24,D
22300626,20240124,GSW,ATL,2024-01-24,D
22300627,20240125,IND,PHI,2024-01-25,D
22300628,20240125,WAS,UTA,2024-01-25,D
22300629,20240125,BKN,MIN,2024-01-25,D
22300630,20240125,MIA,BOS,2024-01-25,D
22300631,20240125,NYK,DEN,2024-01-25,D
22300632,20240125,GSW,SAC,2024-01-25,D
22300633,20240125,LAL,CHI,2024-01-25,D
22300634,20240126,ATL,DAL,2024-01-26,D
22300635,20240126,CHA,HOU,2024-01-26,D
22300636,20240126,IND,PHX,2024-01-26,D
22300637,20240126,TOR,LAC,2024-01-26,D
22300638,20240126,MEM,ORL,2024-01-26,D
22300639,20240126,MIL,CLE,2024-01-26,D
22300640,20240126,NOP,OKC,2024-01-26,D
22300641,20240126,SAS,POR,2024-01-26,D
22300642,20240127,DET,WAS,2024-01-27,D
22300643,20240127,NYK,MIA,2024-01-27,D
22300644,20240127,DEN,PHI,2024-01-27,D
22300645,20240127,BKN,HOU,2024-01-27,D
22300646,20240127,BOS,LAC,2024-01-27,D
22300647,20240127,CHA,UTA,2024-01-27,D
22300648,20240127,MIL,NOP,2024-01-27,D
22300649,20240127,SAS,MIN,2024-01-27,D
22300650,20240127,GSW,LAL,2024-01-27,D
22300651,20240127,DAL,SAC,2024-01-27,D
22300652,20240128,IND,MEM,2024-01-28,D
22300653,20240128,ATL,TOR,2024-01-28,D
22300654,20240128,DET,OKC,2024-01-28,D
22300655,20240128,ORL,PHX,2024-01-28,D
22300656,20240128,POR,CHI,2024-01-28,D
22300657,20240129,CHA,NYK,2024-01-29,D
22300658,20240129,CLE,LAC,2024-01-29,D
22300659,20240129,BOS,NOP,2024-01-29,D
22300660,20240129,BKN,UTA,2024-01-29,D
22300661,20240129,MIA,PHX,2024-01-29,D
22300662,20240129,HOU,LAL,2024-01-29,D
22300663,20240129,MEM,SAC,2024-01-29,D
22300664,20240129,OKC,MIN,2024-01-29,D
22300665,20240129,SAS,WAS,2024-01-29,D
22300666,20240129,DAL,ORL,2024-01-29,D
22300667,20240129,DEN,MIL,2024-01-29,D
22300668,20240129,POR,PHI,2024-01-29,D
22300669,20240130,ATL,LAL,2024-01-30,D
22300670,20240130,BOS,IND,2024-01-30,D
22300671,20240130,NYK,UTA,2024-01-30,D
22300672,20240130,CHI,TOR,2024-01-30,D
22300673,20240130,GSW,PHI,2024-01-30,D
22300674,20240131,CHA,CHI,2024-01-31,D
22300675,20240131,CLE,DET,2024-01-31,D
22300676,20240131,WAS,LAC,2024-01-31,D
22300677,20240131,BKN,PHX,2024-01-31,D
22300678,20240131,MIA,SAC,2024-01-31,D
22300679,20240131,HOU,NOP,2024-01-31,D
22300680,20240131,MIN,DAL,2024-01-31,D
22300681,20240131,SAS,ORL,2024-01-31,D
22300682,20240131,OKC,DEN,2024-01-31,D
22300683,20240131,POR,MIL,2024-01-31,D
22300684,20240201,BOS,LAL,2024-02-01,D
22300685,20240201,NYK,IND,2024-02-01,D
22300686,20240201,UTA,PHI,2024-02-01,D
22300687,20240201,MEM,CLE,2024-02-01,D
22300688,20240202,DET,LAC,2024-02-02,D
22300689,20240202,WAS,MIA,2024-02-02,D
22300690,20240202,ATL,PHX,2024-02-02,D
22300691,20240202,IND,SAC,2024-02-02,D
22300692,20240202,HOU,TOR,2024-02-02,D
22300693,20240202,MEM,GSW,2024-02-02,D
22300694,20240202,MIN,ORL,2024-02-02,D
22300695,20240202,OKC,CHA,2024-02-02,D
22300696,20240202,SAS,NOP,2024-02-02,D
22300697,20240202,DEN,POR,2024-02-02,D
22300698,20240203,PHI,BKN,2024-02-03,D
22300699,20240203,ATL,GSW,2024-02-03,D
22300700,20240203,CHI,SAC,2024-02-03,D
22300701,20240203,NYK,LAL,2024-02-03,D
22300702,20240203,DAL,MIL,2024-02-03,D
22300703,20240203,SAS,CLE,2024-02-03,D
22300704,20240204,DET,ORL,2024-02-04,D
22300705,20240204,WAS,PHX,2024-02-04,D
22300706,20240204,BOS,MEM,2024-02-04,D
22300707,20240204,CHA,IND,2024-02-04,D
22300708,20240204,MIA,LAC,2024-02-04,D
22300709,20240204,MIN,HOU,2024-02-04,D
22300710,20240204,OKC,TOR,2024-02-04,D
22300711,20240204,UTA,MIL,2024-02-04,T
22300712,20240204,DEN,POR,2024-02-04,T
22300713,20240205,CHA,LAL,2024-02-05,T
22300714,20240205,CLE,SAC,2024-02-05,T
22300715,20240205,PHI,DAL,2024-02-05,T
22300716,20240205,ATL,LAC,2024-02-05,T
22300717,20240205,BKN,GSW,2024-02-05,T
22300718,20240205,NOP,TOR,2024-02-05,T
22300719,20240206,IND,HOU,2024-02-06,T
22300720,20240206,BKN,DAL,2024-02-06,T
22300721,20240206,MIA,ORL,2024-02-06,T
22300722,20240206,NYK,MEM,2024-02-06,T
22300723,20240206,CHI,MIN,2024-02-06,T
22300724,20240206,UTA,OKC,2024-02-06,T
22300725,20240206,PHX,MIL,2024-02-06,T
22300726,20240207,CHA,TOR,2024-02-07,T
22300727,20240207,PHI,GSW,2024-02-07,T
22300728,20240207,WAS,CLE,2024-02-07,T
22300729,20240207,BOS,ATL,2024-02-07,T
22300730,20240207,MIA,SAS,2024-02-07,T
22300731,20240207,LAC,NOP,2024-02-07,T
22300732,20240207,SAC,DET,2024-02-07,T
22300733,20240208,IND,GSW,2024-02-08,T
22300734,20240208,ORL,SAS,2024-02-08,T
22300735,20240208,BKN,CLE,2024-02-08,T
22300736,20240208,NYK,DAL,2024-02-08,T
22300737,20240208,MEM,CHI,2024-02-08,T
22300738,20240208,MIL,MIN,2024-02-08,T
22300739,20240208,PHX,UTA,2024-02-08,T
22300740,20240208,LAL,DEN,2024-02-08,T
22300741,20240208,POR,DET,2024-02-08,T
22300742,20240209,PHI,ATL,2024-02-09,T
22300743,20240209,BOS,WAS,2024-02-09,T
22300744,20240209,TOR,HOU,2024-02-09,T
22300745,20240209,MIL,CHA,2024-02-09,T
22300746,20240209,SAC,DEN,2024-02-09,T
22300747,20240209,LAL,NOP,2024-02-09,T
22300748,20240210,DAL,OKC,2024-02-10,T
22300749,20240210,LAC,DET,2024-02-10,T
22300750,20240210,BKN,SAS,2024-02-10,T
22300751,20240210,CHA,MEM,2024-02-10,T
22300752,20240210,ORL,CHI,2024-02-10,T
22300753,20240210,WAS,PHI,2024-02-10,T
22300754,20240210,ATL,HOU,2024-02-10,T
22300755,20240210,NYK,IND,2024-02-10,T
22300756,20240210,TOR,CLE,2024-02-10,T
22300757,20240210,GSW,PHX,2024-02-10,T
22300758,20240210,POR,NOP,2024-02-10,T
22300759,20240211,MIA,BOS,2024-02-11,T
22300760,20240211,OKC,SAC,2024-02-11,T
22300761,20240212,CHA,IND,2024-02-12,T
22300762,20240212,CLE,PHI,2024-02-12,T
22300763,20240212,ATL,CHI,2024-02-12,T
22300764,20240212,TOR,SAS,2024-02-12,T
22300765,20240212,HOU,NYK,2024-02-12,T
22300766,20240212,MEM,NOP,2024-02-12,T
22300767,20240212,MIL,DEN,2024-02-12,T
22300768,20240212,DAL,WAS,2024-02-12,T
22300769,20240212,UTA,GSW,2024-02-12,T
22300770,20240212,LAC,MIN,2024-02-12,T
22300771,20240213,BKN,BOS,2024-02-13,T
22300772,20240213,ORL,OKC,2024-02-13,T
22300773,20240213,MIL,MIA,2024-02-13,T
22300774,20240213,PHX,SAC,2024-02-13,T
22300775,20240213,POR,MIN,2024-02-13,T
22300776,20240213,LAL,DET,2024-02-13,T
22300777,20240214,CHA,ATL,2024-02-14,T
22300778,20240214,ORL,NYK,2024-02-14,T
22300779,20240214,PHI,MIA,2024-02-14,T
22300780,20240214,BOS,BKN,2024-02-14,T
22300781,20240214,CLE,CHI,2024-02-14,T
22300782,20240214,TOR,IND,2024-02-14,T
22300783,20240214,MEM,HOU,2024-02-14,T
22300784,20240214,NOP,WAS,2024-02-14,T
22300785,20240214,DAL,SAS,2024-02-14,T
22300786,20240214,DEN,SAC,2024-02-14,T
22300787,20240214,PHX,DET,2024-02-14,T
22300788,20240214,UTA,LAL,2024-02-14,T
22300789,20240214,GSW,LAC,2024-02-14,T
22300576,20240215,UTA,GSW,2024-02-15,T
22300790,20240215,MEM,MIL,2024-02-15,T
22300791,20240215,POR,MIN,2024-02-15,T
22300792,20240222,CLE,ORL,2024-02-22,T
22300793,20240222,IND,DET,2024-02-22,T
22300794,20240222,PHI,NYK,2024-02-22,T
22300795,20240222,TOR,BKN,2024-02-22,T
22300796,20240222,DAL,PHX,2024-02-22,T
22300797,20240222,CHI,BOS,2024-02-22,T
22300798,20240222,NOP,HOU,2024-02-22,T
22300799,20240222,OKC,LAC,2024-02-22,T
22300800,20240222,DEN,WAS,2024-02-22,T
22300801,20240222,UTA,CHA,2024-02-22,T
22300802,20240222,GSW,LAL,2024-02-22,T
22300803,20240222,SAC,SAS,2024-02-22,T
22300804,20240223,ATL,TOR,2024-02-23,T
22300805,20240223,PHI,CLE,2024-02-23,T
22300806,20240223,HOU,PHX,2024-02-23,T
22300807,20240223,MEM,LAC,2024-02-23,T
22300808,20240223,MIN,MIL,2024-02-23,T
22300809,20240223,OKC,WAS,2024-02-23,T
22300810,20240223,NOP,MIA,2024-02-23,T
22300811,20240223,GSW,CHA,2024-02-23,T
22300812,20240223,POR,DEN,2024-02-23,T
22300813,20240223,LAL,SAS,2024-02-23,T
22300814,20240224,DET,ORL,2024-02-24,T
22300815,20240224,MIN,BKN,2024-02-24,T
22300816,20240224,NYK,BOS,2024-02-24,T
22300817,20240225,PHI,MIL,2024-02-25,T
22300818,20240225,PHX,LAL,2024-02-25,T
22300819,20240225,IND,DAL,2024-02-25,T
22300820,20240225,WAS,CLE,2024-02-25,T
22300821,20240225,ATL,ORL,2024-02-25,T
22300822,20240225,HOU,OKC,2024-02-25,T
22300823,20240225,NOP,CHI,2024-02-25,T
22300824,20240225,GSW,DEN,2024-02-25,T
22300825,20240225,UTA,SAS,2024-02-25,T
22300826,20240225,POR,CHA,2024-02-25,T
22300827,20240225,LAC,SAC,2024-02-25,T
22300828,20240226,NYK,DET,2024-02-26,T
22300829,20240226,IND,TOR,2024-02-26,T
22300830,20240226,MEM,BKN,2024-02-26,T
22300831,20240226,SAC,MIA,2024-02-26,T
22300832,20240227,CLE,DAL,2024-02-27,T
22300833,20240227,ORL,BKN,2024-02-27,T
22300834,20240227,WAS,GSW,2024-02-27,T
22300835,20240227,ATL,UTA,2024-02-27,T
22300836,20240227,BOS,PHI,2024-02-27,T
22300837,20240227,NYK,NOP,2024-02-27,T
22300838,20240227,MIN,SAS,2024-02-27,T
22300839,20240227,CHI,DET,2024-02-27,T
22300840,20240227,MIL,CHA,2024-02-27,T
22300841,20240227,OKC,HOU,2024-02-27,T
22300842,20240227,POR,MIA,2024-02-27,T
22300843,20240228,IND,NOP,2024-02-28,T
22300844,20240228,TOR,DAL,2024-02-28,T
22300845,20240228,MIN,MEM,2024-02-28,T
22300846,20240228,CHI,CLE,2024-02-28,T
22300847,20240228,DEN,SAC,2024-02-28,T
22300848,20240228,LAC,LAL,2024-02-28,T
22300849,20240229,CHA,MIL,2024-02-29,T
22300850,20240229,ORL,UTA,2024-02-29,T
22300851,20240229,BKN,ATL,2024-02-29,T
22300852,20240229,NYK,GSW,2024-02-29,T
22300853,20240229,SAS,OKC,2024-02-29,T
22300854,20240229,PHX,HOU,2024-02-29,T
22300855,20240229,DEN,MIA,2024-02-29,T
22300856,20240229,LAL,WAS,2024-02-29,T
22300857,20240301,DET,CLE,2024-03-01,T
22300858,20240301,PHI,CHA,2024-03-01,T
22300859,20240301,BOS,DAL,2024-03-01,T
22300860,20240301,TOR,GSW,2024-03-01,T
22300861,20240301,MEM,POR,2024-03-01,T
22300862,20240301,MIN,SAC,2024-03-01,T
22300863,20240301,NOP,IND,2024-03-01,T
22300864,20240301,CHI,MIL,2024-03-01,T
22300865,20240301,LAC,WAS,2024-03-01,T
22300866,20240302,BKN,ATL,2024-03-02,T
22300867,20240302,MIA,UTA,2024-03-02,T
22300868,20240302,MEM,POR,2024-03-02,T
22300869,20240302,LAL,DEN,2024-03-02,T
22300870,20240302,PHX,HOU,2024-03-02,T
22300871,20240303,DAL,PHI,2024-03-03,T
22300872,20240303,BOS,GSW,2024-03-03,T
22300873,20240303,MIN,LAC,2024-03-03,T
22300874,20240303,ORL,DET,2024-03-03,T
22300875,20240303,TOR,CHA,2024-03-03,T
22300876,20240303,CLE,NYK,2024-03-03,T
22300877,20240303,SAS,IND,2024-03-03,T
22300878,20240303,PHX,OKC,2024-03-03,T
22300879,20240304,BKN,MEM,2024-03-04,T
22300880,20240304,MIL,LAC,2024-03-04,T
22300881,20240304,MIN,POR,2024-03-04,T
22300882,20240304,UTA,WAS,2024-03-04,T
22300883,20240304,SAC,CHI,2024-03-04,T
22300884,20240304,LAL,OKC,2024-03-04,T
22300885,20240305,CHA,ORL,2024-03-05,T
22300886,20240305,CLE,BOS,2024-03-05,T
22300887,20240305,BKN,PHI,2024-03-05,T
22300888,20240305,MIA,DET,2024-03-05,T
22300889,20240305,NYK,ATL,2024-03-05,T
22300890,20240305,TOR,NOP,2024-03-05,T
22300891,20240305,HOU,SAS,2024-03-05,T
22300892,20240305,DAL,IND,2024-03-05,T
22300893,20240305,DEN,PHX,2024-03-05,T
22300894,20240306,WAS,ORL,2024-03-06,T
22300895,20240306,ATL,CLE,2024-03-06,T
22300896,20240306,PHI,MEM,2024-03-06,T
22300897,20240306,HOU,LAC,2024-03-06,T
22300898,20240306,UTA,CHI,2024-03-06,T
22300899,20240306,GSW,MIL,2024-03-06,T
22300900,20240306,POR,OKC,2024-03-06,T
22300901,20240306,LAL,SAC,2024-03-06,T
22300902,20240307,DET,BKN,2024-03-07,T
22300903,20240307,IND,MIN,2024-03-07,T
22300904,20240307,DAL,MIA,2024-03-07,T
22300905,20240307,PHX,TOR,2024-03-07,T
22300906,20240307,DEN,BOS,2024-03-07,T
22300907,20240307,GSW,CHI,2024-03-07,T
22300908,20240307,SAC,SAS,2024-03-07,T
22300909,20240308,PHI,NOP,2024-03-08,T
22300910,20240308,WAS,CHA,2024-03-08,T
22300911,20240308,CLE,MIN,2024-03-08,T
22300912,20240308,NYK,ORL,2024-03-08,T
22300913,20240308,MEM,ATL,2024-03-08,T
22300914,20240308,OKC,MIA,2024-03-08,T
22300915,20240308,LAL,MIL,2024-03-08,T
22300916,20240308,POR,HOU,2024-03-08,T
22300917,20240309,LAC,CHI,2024-03-09,T
22300918,20240309,CHA,BKN,2024-03-09,T
22300919,20240309,DET,DAL,2024-03-09,T
22300920,20240309,PHX,BOS,2024-03-09,T
22300921,20240309,GSW,SAS,2024-03-09,T
22300922,20240309,DEN,UTA,2024-03-09,T
22300923,20240309,POR,TOR,2024-03-09,T
22300924,20240310,LAC,MIL,2024-03-10,T
22300925,20240310,ATL,NOP,2024-03-10,T
22300926,20240310,MIA,WAS,2024-03-10,T
22300927,20240310,NYK,PHI,2024-03-10,T
22300928,20240310,ORL,IND,2024-03-10,T
22300929,20240310,SAC,HOU,2024-03-10,T
22300930,20240310,CLE,BKN,2024-03-10,T
22300931,20240310,OKC,MEM,2024-03-10,T
22300932,20240310,LAL,MIN,2024-03-10,T
22300933,20240311,DET,CHA,2024-03-11,T
22300934,20240311,CLE,PHX,2024-03-11,T
22300935,20240311,CHI,DAL,2024-03-11,T
22300936,20240311,SAS,GSW,2024-03-11,T
22300937,20240311,DEN,TOR,2024-03-11,T
22300938,20240311,POR,BOS,2024-03-11,T
22300939,20240312,NYK,PHI,2024-03-12,T
22300940,20240312,MEM,WAS,2024-03-12,T
22300941,20240312,OKC,IND,2024-03-12,T
22300942,20240312,SAS,HOU,2024-03-12,T
22300943,20240312,UTA,BOS,2024-03-12,T
22300944,20240312,LAC,MIN,2024-03-12,T
22300945,20240312,SAC,MIL,2024-03-12,T
22300946,20240313,DET,TOR,2024-03-13,T
22300947,20240313,ORL,BKN,2024-03-13,T
22300948,20240313,IND,CHI,2024-03-13,T
22300949,20240313,MIA,DEN,2024-03-13,T
22300950,20240313,MEM,CHA,2024-03-13,T
22300951,20240313,NOP,CLE,2024-03-13,T
22300952,20240313,DAL,GSW,2024-03-13,T
22300953,20240313,POR,ATL,2024-03-13,T
22300954,20240313,SAC,LAL,2024-03-13,T
22300955,20240314,BOS,PHX,2024-03-14,T
22300956,20240314,CHI,LAC,2024-03-14,E
22300957,20240314,HOU,WAS,2024-03-14,E
22300958,20240314,MIL,PHI,2024-03-14,E
22300959,20240314,OKC,DAL,2024-03-14,E
22300960,20240314,POR,NYK,2024-03-14,E
22300961,20240315,CHA,PHX,2024-03-15,E
22300962,20240315,DET,MIA,2024-03-15,E
22300963,20240315,TOR,ORL,2024-03-15,E
22300964,20240315,NOP,LAC,2024-03-15,E
22300965,20240315,SAS,DEN,2024-03-15,E
22300966,20240315,UTA,ATL,2024-03-15,E
22300967,20240316,HOU,CLE,2024-03-16,E
22300968,20240316,IND,BKN,2024-03-16,E
22300969,20240316,PHI,CHA,2024-03-16,E
22300970,20240316,NOP,POR,2024-03-16,E
22300971,20240316,CHI,WAS,2024-03-16,E
22300972,20240316,MEM,OKC,2024-03-16,E
22300973,20240316,LAL,GSW,2024-03-16,E
22300974,20240316,UTA,MIN,2024-03-16,E
22300975,20240316,SAC,NYK,2024-03-16,E
22300976,20240317,MIL,PHX,2024-03-17,E
22300977,20240317,DET,MIA,2024-03-17,E
22300978,20240317,DAL,DEN,2024-03-17,E
22300979,20240317,ORL,TOR,2024-03-17,E
22300980,20240317,WAS,BOS,2024-03-17,E
22300981,20240317,SAS,BKN,2024-03-17,E
22300982,20240317,LAC,ATL,2024-03-17,E
22300983,20240318,IND,CLE,2024-03-18,E
22300984,20240318,BOS,DET,2024-03-18,E
22300985,20240318,PHI,MIA,2024-03-18,E
22300986,20240318,CHI,POR,2024-03-18,E
22300987,20240318,UTA,MIN,2024-03-18,E
22300988,20240318,GSW,NYK,2024-03-18,E
22300989,20240318,SAC,MEM,2024-03-18,E
22300990,20240318,LAL,ATL,2024-03-18,E
22300991,20240319,ORL,CHA,2024-03-19,E
22300992,20240319,WAS,HOU,2024-03-19,E
22300993,20240319,BKN,NOP,2024-03-19,E
22300994,20240319,SAS,DAL,2024-03-19,E
22300995,20240319,MIN,DEN,2024-03-19,E
22300996,20240320,CLE,MIA,2024-03-20,E
22300997,20240320,DET,IND,2024-03-20,E
22300998,20240320,BOS,MIL,2024-03-20,E
22300999,20240320,TOR,SAC,2024-03-20,E
22301000,20240320,OKC,UTA,2024-03-20,E
22301001,20240320,GSW,MEM,2024-03-20,E
22301002,20240320,PHX,PHI,2024-03-20,E
22301003,20240320,POR,LAC,2024-03-20,E
22301004,20240321,ORL,NOP,2024-03-21,E
22301005,20240321,WAS,SAC,2024-03-21,E
22301006,20240321,HOU,CHI,2024-03-21,E
22301007,20240321,MIL,BKN,2024-03-21,E
22301008,20240321,DAL,UTA,2024-03-21,E
22301009,20240321,DEN,NYK,2024-03-21,E
22301010,20240321,PHX,ATL,2024-03-21,E
22301011,20240322,DET,BOS,2024-03-22,E
22301012,20240322,TOR,OKC,2024-03-22,E
22301013,20240322,MIA,NOP,2024-03-22,E
22301014,20240322,MIN,CLE,2024-03-22,E
22301015,20240322,SAS,MEM,2024-03-22,E
22301016,20240322,GSW,IND,2024-03-22,E
22301017,20240322,POR,LAC,2024-03-22,E
22301018,20240322,LAL,PHI,2024-03-22,E
22301019,20240323,NYK,BKN,2024-03-23,E
22301020,20240323,ORL,SAC,2024-03-23,E
22301021,20240323,ATL,CHA,2024-03-23,E
22301022,20240323,WAS,TOR,2024-03-23,E
22301023,20240323,CHI,BOS,2024-03-23,E
22301024,20240323,HOU,UTA,2024-03-23,E
22301025,20240323,SAS,PHX,2024-03-23,E
22301026,20240323,POR,DEN,2024-03-23,E
22301027,20240324,DET,NOP,2024-03-24,E
22301028,20240324,LAC,PHI,2024-03-24,E
22301029,20240324,MIA,CLE,2024-03-24,E
22301030,20240324,MIL,OKC,2024-03-24,E
22301031,20240324,MIN,GSW,2024-03-24,E
22301032,20240324,LAL,IND,2024-03-24,E
22301033,20240325,CLE,CHA,2024-03-25,E
22301034,20240325,ATL,BOS,2024-03-25,E
22301035,20240325,NYK,DET,2024-03-25,E
22301036,20240325,TOR,BKN,2024-03-25,E
22301037,20240325,CHI,WAS,2024-03-25,E
22301038,20240325,HOU,POR,2024-03-25,E
22301039,20240325,SAS,PHX,2024-03-25,E
22301040,20240325,DEN,MEM,2024-03-25,E
22301041,20240325,UTA,DAL,2024-03-25,E
22301042,20240325,SAC,PHI,2024-03-25,E
22301043,20240325,LAC,IND,2024-03-25,E
22301044,20240326,MIA,GSW,2024-03-26,E
22301045,20240326,MIL,LAL,2024-03-26,E
22301046,20240326,NOP,OKC,2024-03-26,E
22301047,20240326,SAC,DAL,2024-03-26,E
22301048,20240327,CHA,CLE,2024-03-27,E
22301049,20240327,ORL,GSW,2024-03-27,E
22301050,20240327,WAS,BKN,2024-03-27,E
22301051,20240327,ATL,POR,2024-03-27,E
22301052,20240327,PHI,LAC,2024-03-27,E
22301053,20240327,TOR,NYK,2024-03-27,E
22301054,20240327,CHI,IND,2024-03-27,E
22301055,20240327,MEM,LAL,2024-03-27,E
22301056,20240327,MIN,DET,2024-03-27,E
22301057,20240327,OKC,HOU,2024-03-27,E
22301058,20240327,UTA,SAS,2024-03-27,E
22301059,20240327,DEN,PHX,2024-03-27,E
22301060,20240328,ATL,BOS,2024-03-28,E
22301061,20240328,NOP,MIL,2024-03-28,E
22301062,20240329,CHA,GSW,2024-03-29,E
22301063,20240329,IND,LAL,2024-03-29,E
22301064,20240329,ORL,LAC,2024-03-29,E
22301065,20240329,WAS,DET,2024-03-29,E
22301066,20240329,BKN,CHI,2024-03-29,E
22301067,20240329,CLE,PHI,2024-03-29,E
22301068,20240329,MIA,POR,2024-03-29,E
22301069,20240329,OKC,PHX,2024-03-29,E
22301070,20240329,SAS,NYK,2024-03-29,E
22301071,20240329,DEN,MIN,2024-03-29,E
22301072,20240329,UTA,HOU,2024-03-29,E
22301073,20240329,SAC,DAL,2024-03-29,E
22301074,20240330,NOP,BOS,2024-03-30,E
22301075,20240330,ORL,MEM,2024-03-30,E
22301076,20240330,ATL,MIL,2024-03-30,E
22301077,20240331,DEN,CLE,2024-03-31,E
22301078,20240331,BKN,LAL,2024-03-31,E
22301079,20240331,CHA,LAC,2024-03-31,E
22301080,20240331,TOR,PHI,2024-03-31,E
22301081,20240331,WAS,MIA,2024-03-31,E
22301082,20240331,NYK,OKC,2024-03-31,E
22301083,20240331,HOU,DAL,2024-03-31,E
22301084,20240331,MIN,CHI,2024-03-31,E
22301085,20240331,SAS,GSW,2024-03-31,E
22301086,20240331,SAC,UTA,2024-03-31,E
22301087,20240401,CHA,BOS,2024-04-01,E
22301088,20240401,DET,MEM,2024-04-01,E
22301089,20240401,IND,BKN,2024-04-01,E
22301090,20240401,ORL,POR,2024-04-01,E
22301091,20240401,CHI,ATL,2024-04-01,E
22301092,20240401,NOP,PHX,2024-04-01,E
22300589,20240402,GSW,DAL,2024-04-02,E
22301093,20240402,PHI,OKC,2024-04-02,E
22301094,20240402,TOR,LAL,2024-04-02,E
22301095,20240402,WAS,MIL,2024-04-02,E
22301096,20240402,MIA,NYK,2024-04-02,E
22301098,20240402,MIN,HOU,2024-04-02,E
22301099,20240402,DEN,SAS,2024-04-02,E
22301100,20240402,UTA,CLE,2024-04-02,E
22301101,20240402,SAC,LAC,2024-04-02,E
22301102,20240403,CHA,POR,2024-04-03,E
22301103,20240403,WAS,LAL,2024-04-03,E
22301104,20240403,ATL,DET,2024-04-03,E
22301105,20240403,BOS,OKC,2024-04-03,E
22301106,20240403,BKN,IND,2024-04-03,E
22301107,20240403,MIL,MEM,2024-04-03,E
22301108,20240403,MIN,TOR,2024-04-03,E
22301109,20240403,NOP,ORL,2024-04-03,E
22301110,20240403,PHX,CLE,2024-04-03,E
22301111,20240404,MIA,PHI,2024-04-04,E
22301112,20240404,NYK,SAC,2024-04-04,E
22301113,20240404,HOU,GSW,2024-04-04,E
22301114,20240404,LAC,DEN,2024-04-04,E
22301124,20240404,DAL,ATL,2024-04-04,E
22301097,20240405,DAL,GSW,2024-04-05,E
22301115,20240405,CHA,ORL,2024-04-05,E
22301116,20240405,IND,OKC,2024-04-05,E
22301117,20240405,WAS,POR,2024-04-05,E
22301118,20240405,BOS,SAC,2024-04-05,E
22301119,20240405,CHI,NYK,2024-04-05,E
22301120,20240405,HOU,MIA,2024-04-05,E
22301121,20240405,MEM,DET,2024-04-05,E
22301122,20240405,MIL,TOR,2024-04-05,E
22301123,20240405,NOP,SAS,2024-04-05,E
22301125,20240405,PHX,MIN,2024-04-05,E
22301126,20240405,LAC,UTA,2024-04-05,E
22301127,20240406,LAL,CLE,2024-04-06,E
22301128,20240406,BKN,DET,2024-04-06,E
22301129,20240406,MEM,PHI,2024-04-06,E
22301130,20240406,DEN,ATL,2024-04-06,E
22301131,20240407,DAL,HOU,2024-04-07,E
22301132,20240407,LAC,CLE,2024-04-07,E
22301133,20240407,IND,MIA,2024-04-07,E
22301134,20240407,BOS,POR,2024-04-07,E
22301135,20240407,CHA,OKC,2024-04-07,E
22301136,20240407,ORL,CHI,2024-04-07,E
22301137,20240407,TOR,WAS,2024-04-07,E
22301138,20240407,PHX,NOP,2024-04-07,E
22301139,20240407,MIL,NYK,2024-04-07,E
22301140,20240407,SAS,PHI,2024-04-07,E
22301141,20240407,BKN,SAC,2024-04-07,E
22301142,20240407,GSW,UTA,2024-04-07,E
22301143,20240407,LAL,MIN,2024-04-07,E
22301144,20240409,CHA,DAL,2024-04-09,E
22301145,20240409,PHI,DET,2024-04-09,E
22301146,20240409,TOR,IND,2024-04-09,E
22301147,20240409,ATL,MIA,2024-04-09,E
22301148,20240409,MIL,BOS,2024-04-09,E
22301149,20240409,CHI,NYK,2024-04-09,E
22301150,20240409,HOU,ORL,2024-04-09,E
22301151,20240409,MEM,SAS,2024-04-09,E
22301152,20240409,MIN,WAS,2024-04-09,E
22301153,20240409,OKC,SAC,2024-04-09,E
22301154,20240409,UTA,DEN,2024-04-09,E
22301155,20240409,LAL,GSW,2024-04-09,E
22301156,20240409,PHX,LAC,2024-04-09,E
22301157,20240409,POR,NOP,2024-04-09,E
22301158,20240410,CLE,MEM,2024-04-10,E
22301159,20240410,ATL,CHA,2024-04-10,E
22301160,20240410,BKN,TOR,2024-04-10,E
22301161,20240410,MIA,DAL,2024-04-10,E
22301162,20240410,MIL,ORL,2024-04-10,E
22301163,20240410,OKC,SAS,2024-04-10,E
22301164,20240410,DEN,MIN,2024-04-10,E
22301165,20240410,LAC,PHX,2024-04-10,E
22301166,20240411,DET,CHI,2024-04-11,E
22301167,20240411,BOS,NYK,2024-04-11,E
22301168,20240411,UTA,HOU,2024-04-11,E
22301169,20240411,POR,GSW,2024-04-11,E
22301170,20240411,SAC,NOP,2024-04-11,E
22301171,20240412,PHI,ORL,2024-04-12,E
22301172,20240412,WAS,CHI,2024-04-12,E
22301173,20240412,BOS,CHA,2024-04-12,E
22301174,20240412,CLE,IND,2024-04-12,E
22301175,20240412,NYK,BKN,2024-04-12,E
22301176,20240412,MIA,TOR,2024-04-12,E
22301177,20240412,MEM,LAL,2024-04-12,E
22301178,20240412,MIN,ATL,2024-04-12,E
22301179,20240412,OKC,MIL,2024-04-12,E
22301180,20240412,SAS,DEN,2024-04-12,E
22301181,20240412,DAL,DET,2024-04-12,E
22301182,20240412,GSW,NOP,2024-04-12,E
22301183,20240412,POR,HOU,2024-04-12,E
22301184,20240412,LAC,UTA,2024-04-12,E
22301185,20240412,SAC,PHX,2024-04-12,E
22301186,20240414,BOS,WAS,2024-04-14,E
22301187,20240414,CLE,CHA,2024-04-14,E
22301188,20240414,IND,ATL,2024-04-14,E
22301189,20240414,MIA,TOR,2024-04-14,E
22301190,20240414,NYK,CHI,2024-04-14,E
22301191,20240414,ORL,MIL,2024-04-14,E
22301192,20240414,PHI,BKN,2024-04-14,E
22301193,20240414,MEM,DEN,2024-04-14,E
22301194,20240414,MIN,PHX,2024-04-14,E
22301195,20240414,NOP,LAL,2024-04-14,E
22301196,20240414,OKC,DAL,2024-04-14,E
22301197,20240414,SAS,DET,2024-04-14,E
22301198,20240414,GSW,UTA,2024-04-14,E
22301199,20240414,LAC,HOU,2024-04-14,E
22301200,20240414,SAC,POR,2024-04-14,E
