row_id,cluster
2017-M020_265_3,2017-M020
2017-M020_260_8,2017-M020
2017-M020_257_11,2017-M020
2017-M020_256_12,2017-M020
2017-0891_269_14,2017-0891
2017-0891_268_15,2017-0891
2017-0891_267_16,2017-0891
2017-0891_266_17,2017-0891
2017-0891_262_20,2017-0891
2017-0891_261_21,2017-0891
2017-0891_257_25,2017-0891
2017-0891_255_27,2017-0891
2017-M001_267_58,2017-M001
2017-M001_266_59,2017-M001
2017-M001_265_60,2017-M001
2017-M001_262_62,2017-M001
2017-M001_259_64,2017-M001
2017-M001_257_66,2017-M001
2017-M001_256_67,2017-M001
2017-M001_255_68,2017-M001
2017-M001_254_69,2017-M001
2017-580_100_70,2017-580
2017-580_105_75,2017-580
2017-580_107_77,2017-580
2017-580_108_78,2017-580
2017-580_111_81,2017-580
2017-580_112_82,2017-580
2017-580_114_84,2017-580
2017-580_117_87,2017-580
2017-580_118_88,2017-580
2017-580_120_90,2017-580
2017-580_125_95,2017-580
2017-580_131_101,2017-580
2017-580_133_103,2017-580
2017-580_134_104,2017-580
2017-580_137_107,2017-580
2017-580_139_109,2017-580
2017-580_140_110,2017-580
2017-580_141_111,2017-580
2017-580_142_112,2017-580
2017-580_143_113,2017-580
2017-580_144_114,2017-580
2017-580_148_118,2017-580
2017-580_150_120,2017-580
2017-580_152_122,2017-580
2017-580_153_123,2017-580
2017-580_154_124,2017-580
2017-580_158_128,2017-580
2017-580_161_131,2017-580
2017-580_162_132,2017-580
2017-0375_269_133,2017-0375
2017-0375_268_134,2017-0375
2017-0375_267_135,2017-0375
2017-0375_265_137,2017-0375
2017-0375_264_138,2017-0375
2017-0375_263_139,2017-0375
2017-7161_268_145,2017-7161
2017-7161_262_151,2017-7161
2017-0506_269_173,2017-0506
2017-0506_268_174,2017-0506
2017-0506_265_176,2017-0506
2017-0506_264_177,2017-0506
2017-0506_260_181,2017-0506
2017-0506_258_183,2017-0506
2017-0402_269_186,2017-0402
2017-0402_267_188,2017-0402
2017-0402_265_190,2017-0402
2017-0402_264_191,2017-0402
2017-0402_263_192,2017-0402
2017-0402_259_195,2017-0402
2017-0402_257_197,2017-0402
2017-0402_256_198,2017-0402
2017-0407_269_200,2017-0407
2017-0407_268_201,2017-0407
2017-0407_267_202,2017-0407
2017-0407_266_203,2017-0407
2017-0407_264_205,2017-0407
2017-0407_263_206,2017-0407
2017-0407_258_211,2017-0407
2017-0407_256_213,2017-0407
2017-0407_241_216,2017-0407
2017-0499_269_218,2017-0499
2017-0499_267_220,2017-0499
2017-0499_264_223,2017-0499
2017-0499_263_224,2017-0499
2017-0499_260_227,2017-0499
2017-0499_258_229,2017-0499
2017-0499_257_230,2017-0499
2017-0496_269_233,2017-0496
2017-0496_268_234,2017-0496
2017-0496_267_235,2017-0496
2017-0496_266_236,2017-0496
2017-0496_265_237,2017-0496
2017-0496_263_239,2017-0496
2017-0496_262_240,2017-0496
2017-0496_259_243,2017-0496
2017-0496_257_245,2017-0496
2017-0496_256_246,2017-0496
2017-0496_255_247,2017-0496
2017-6932_269_248,2017-6932
2017-6932_268_249,2017-6932
2017-6932_267_250,2017-6932
2017-6932_266_251,2017-6932
2017-6932_264_253,2017-6932
2017-6932_263_254,2017-6932
2017-6932_262_255,2017-6932
2017-6932_260_257,2017-6932
2017-6932_258_259,2017-6932
2017-6932_256_261,2017-6932
2017-0495_269_284,2017-0495
2017-0495_268_285,2017-0495
2017-0495_267_286,2017-0495
2017-0495_264_288,2017-0495
2017-0495_263_289,2017-0495
2017-0495_260_292,2017-0495
2017-0495_258_293,2017-0495
2017-0495_256_295,2017-0495
2017-0495_255_296,2017-0495
2017-0495_242_297,2017-0495
2017-0495_241_298,2017-0495
2017-0495_240_299,2017-0495
2017-0533_269_300,2017-0533
2017-0533_268_301,2017-0533
2017-0533_266_303,2017-0533
2017-0533_265_304,2017-0533
2017-0533_261_308,2017-0533
2017-0533_255_314,2017-0533
2017-0717_268_376,2017-0717
2017-0717_266_378,2017-0717
2017-0717_265_379,2017-0717
2017-0717_262_382,2017-0717
2017-0717_261_383,2017-0717
2017-0717_259_385,2017-0717
2017-0717_256_388,2017-0717
2017-0360_269_390,2017-0360
2017-0360_268_391,2017-0360
2017-0360_267_392,2017-0360
2017-0360_266_393,2017-0360
2017-0360_265_394,2017-0360
2017-0360_263_395,2017-0360
2017-0360_260_398,2017-0360
2017-0360_259_399,2017-0360
2017-0360_256_402,2017-0360
2017-0360_255_403,2017-0360
2017-0410_237_404,2017-0410
2017-0410_236_405,2017-0410
2017-0410_235_406,2017-0410
2017-0410_234_407,2017-0410
2017-0410_233_408,2017-0410
2017-0410_232_409,2017-0410
2017-0410_231_410,2017-0410
2017-0410_229_412,2017-0410
2017-0410_227_414,2017-0410
2017-0410_226_415,2017-0410
2017-0410_225_416,2017-0410
2017-0410_224_417,2017-0410
2017-0410_220_420,2017-0410
2017-0410_216_422,2017-0410
2017-0410_212_424,2017-0410
2017-0425_237_427,2017-0425
2017-0425_236_428,2017-0425
2017-0425_235_429,2017-0425
2017-0425_234_430,2017-0425
2017-0425_233_431,2017-0425
2017-0425_231_433,2017-0425
2017-0425_230_434,2017-0425
2017-0425_229_435,2017-0425
2017-0425_228_436,2017-0425
2017-0425_227_437,2017-0425
2017-0425_226_438,2017-0425
2017-0425_223_441,2017-0425
2017-7648_269_445,2017-7648
2017-7648_268_446,2017-7648
2017-7648_267_447,2017-7648
2017-7648_266_448,2017-7648
2017-7648_265_449,2017-7648
2017-7648_263_451,2017-7648
2017-7648_262_452,2017-7648
2017-7648_261_453,2017-7648
2017-7648_260_454,2017-7648
2017-7648_259_455,2017-7648
2017-7648_255_459,2017-7648
2017-7290_262_467,2017-7290
2017-7290_260_469,2017-7290
2017-7290_255_474,2017-7290
2017-0308_269_490,2017-0308
2017-0308_268_491,2017-0308
2017-0308_267_492,2017-0308
2017-0308_266_493,2017-0308
2017-0308_265_494,2017-0308
2017-0308_257_502,2017-0308
2017-0308_256_503,2017-0308
2017-M021_237_505,2017-M021
2017-M021_236_506,2017-M021
2017-M021_234_507,2017-M021
2017-M021_233_508,2017-M021
2017-M021_232_509,2017-M021
2017-M021_231_510,2017-M021
2017-M021_230_511,2017-M021
2017-M021_228_513,2017-M021
2017-M021_227_514,2017-M021
2017-M021_226_515,2017-M021
2017-M021_225_516,2017-M021
2017-M021_224_517,2017-M021
2017-M021_223_518,2017-M021
2017-M021_221_519,2017-M021
2017-M021_216_522,2017-M021
2017-M021_212_524,2017-M021
2017-M021_209_525,2017-M021
2017-M021_208_526,2017-M021
2017-7694_269_561,2017-7694
2017-7694_268_562,2017-7694
2017-7694_267_563,2017-7694
2017-7694_264_566,2017-7694
2017-7694_263_567,2017-7694
2017-7694_261_569,2017-7694
2017-7694_260_570,2017-7694
2017-7694_257_573,2017-7694
2017-7694_255_575,2017-7694
2017-520_104_580,2017-520
2017-520_106_582,2017-520
2017-520_107_583,2017-520
2017-520_108_584,2017-520
2017-520_114_589,2017-520
2017-520_115_590,2017-520
2017-520_120_594,2017-520
2017-520_122_595,2017-520
2017-520_123_596,2017-520
2017-520_128_601,2017-520
2017-520_131_604,2017-520
2017-520_134_607,2017-520
2017-520_135_608,2017-520
2017-520_136_609,2017-520
2017-520_137_610,2017-520
2017-520_139_612,2017-520
2017-520_140_613,2017-520
2017-520_143_616,2017-520
2017-520_146_619,2017-520
2017-520_147_620,2017-520
2017-520_149_622,2017-520
2017-520_150_623,2017-520
2017-520_151_624,2017-520
2017-520_152_625,2017-520
2017-520_153_626,2017-520
2017-520_154_627,2017-520
2017-520_155_628,2017-520
2017-520_156_629,2017-520
2017-520_157_630,2017-520
2017-520_158_631,2017-520
2017-520_159_632,2017-520
2017-520_160_633,2017-520
2017-520_161_634,2017-520
2017-520_162_635,2017-520
2017-M010_269_636,2017-M010
2017-M010_268_637,2017-M010
2017-M010_267_638,2017-M010
2017-M010_266_639,2017-M010
2017-M010_265_640,2017-M010
2017-M010_264_641,2017-M010
2017-M010_263_642,2017-M010
2017-M010_262_643,2017-M010
2017-M010_260_645,2017-M010
2017-M010_259_646,2017-M010
2017-M010_257_648,2017-M010
2017-M010_255_650,2017-M010
2017-0500_269_664,2017-0500
2017-0500_268_665,2017-0500
2017-0500_267_666,2017-0500
2017-0500_265_668,2017-0500
2017-0500_263_669,2017-0500
2017-0500_257_675,2017-0500
2017-0500_241_679,2017-0500
2017-0311_269_681,2017-0311
2017-0311_268_682,2017-0311
2017-0311_266_684,2017-0311
2017-0311_265_685,2017-0311
2017-0311_264_686,2017-0311
2017-0311_262_688,2017-0311
2017-0311_258_692,2017-0311
2017-0311_257_693,2017-0311
2017-0311_242_695,2017-0311
2017-0311_240_697,2017-0311
2017-M016_269_712,2017-M016
2017-M016_268_713,2017-M016
2017-M016_267_714,2017-M016
2017-M016_266_715,2017-M016
2017-M016_265_716,2017-M016
2017-M016_264_717,2017-M016
2017-M016_263_718,2017-M016
2017-M016_262_719,2017-M016
2017-M016_260_721,2017-M016
2017-M016_258_723,2017-M016
2017-M016_257_724,2017-M016
2017-0315_269_742,2017-0315
2017-0315_268_743,2017-0315
2017-0315_265_746,2017-0315
2017-0315_264_747,2017-0315
2017-0315_259_752,2017-0315
2017-0439_268_758,2017-0439
2017-0439_258_766,2017-0439
2017-0439_255_769,2017-0439
2017-6116_269_770,2017-6116
2017-6116_267_772,2017-6116
2017-6116_264_775,2017-6116
2017-6116_263_776,2017-6116
2017-6116_262_777,2017-6116
2017-6116_258_781,2017-6116
2017-6116_257_782,2017-6116
2017-6116_255_784,2017-6116
2017-0314_269_785,2017-0314
2017-0314_268_786,2017-0314
2017-0314_267_787,2017-0314
2017-0314_264_790,2017-0314
2017-0314_255_799,2017-0314
2017-0414_269_800,2017-0414
2017-0414_268_801,2017-0414
2017-0414_266_803,2017-0414
2017-0414_262_806,2017-0414
2017-0414_261_807,2017-0414
2017-0414_260_808,2017-0414
2017-0414_259_809,2017-0414
2017-0319_269_816,2017-0319
2017-0319_268_817,2017-0319
2017-0319_266_819,2017-0319
2017-0319_265_820,2017-0319
2017-0319_263_822,2017-0319
2017-0319_262_823,2017-0319
2017-0319_260_825,2017-0319
2017-0319_256_829,2017-0319
2017-0421_237_863,2017-0421
2017-0421_236_864,2017-0421
2017-0421_235_865,2017-0421
2017-0421_234_866,2017-0421
2017-0421_233_867,2017-0421
2017-0421_231_869,2017-0421
2017-0421_230_870,2017-0421
2017-0421_229_871,2017-0421
2017-0421_226_874,2017-0421
2017-0421_223_876,2017-0421
2017-0421_221_877,2017-0421
2017-0421_220_878,2017-0421
2017-0421_213_881,2017-0421
2017-M024_237_885,2017-M024
2017-M024_236_886,2017-M024
2017-M024_235_887,2017-M024
2017-M024_234_888,2017-M024
2017-M024_233_889,2017-M024
2017-M024_232_890,2017-M024
2017-M024_231_891,2017-M024
2017-M024_229_892,2017-M024
2017-M024_228_893,2017-M024
2017-M024_227_894,2017-M024
2017-M024_226_895,2017-M024
2017-M024_225_896,2017-M024
2017-M024_224_897,2017-M024
2017-M024_223_898,2017-M024
2017-M024_220_900,2017-M024
2017-M024_217_901,2017-M024
2017-M024_216_902,2017-M024
2017-M024_212_904,2017-M024
2017-M024_209_905,2017-M024
2017-M024_208_906,2017-M024
2017-0341_269_922,2017-0341
2017-0341_267_924,2017-0341
2017-0341_265_926,2017-0341
2017-0341_264_927,2017-0341
2017-0341_263_928,2017-0341
2017-0341_260_930,2017-0341
2017-0341_259_931,2017-0341
2017-0341_257_933,2017-0341
2017-0341_256_934,2017-0341
2017-0341_255_935,2017-0341
2017-0568_269_936,2017-0568
2017-0568_268_937,2017-0568
2017-0568_267_938,2017-0568
2017-0568_265_940,2017-0568
2017-0568_264_941,2017-0568
2017-0568_259_946,2017-0568
2017-0568_258_947,2017-0568
2017-0568_255_950,2017-0568
2017-7581_269_951,2017-7581
2017-7581_268_952,2017-7581
2017-7581_266_954,2017-7581
2017-7581_265_955,2017-7581
2017-7581_263_957,2017-7581
2017-7581_262_958,2017-7581
2017-7581_261_959,2017-7581
2017-7581_259_961,2017-7581
2017-M015_269_979,2017-M015
2017-M015_268_980,2017-M015
2017-M015_267_981,2017-M015
2017-M015_266_982,2017-M015
2017-M015_264_984,2017-M015
2017-M015_263_985,2017-M015
2017-M015_260_988,2017-M015
2017-M015_257_991,2017-M015
2017-M015_256_992,2017-M015
2017-M015_255_993,2017-M015
2017-M015_242_994,2017-M015
2017-0329_267_997,2017-0329
2017-0329_265_999,2017-0329
2017-0329_264_1000,2017-0329
2017-0329_263_1001,2017-0329
2017-0329_262_1002,2017-0329
2017-0329_260_1004,2017-0329
2017-0329_259_1005,2017-0329
2017-0329_257_1007,2017-0329
2017-0329_256_1008,2017-0329
2017-0329_255_1009,2017-0329
2017-5014_237_1013,2017-5014
2017-5014_236_1014,2017-5014
2017-5014_235_1015,2017-5014
2017-5014_234_1016,2017-5014
2017-5014_233_1017,2017-5014
2017-5014_232_1018,2017-5014
2017-5014_231_1019,2017-5014
2017-5014_229_1020,2017-5014
2017-5014_227_1022,2017-5014
2017-5014_225_1024,2017-5014
2017-5014_224_1025,2017-5014
2017-5014_223_1026,2017-5014
2017-5014_221_1027,2017-5014
2017-5014_220_1028,2017-5014
2017-5014_212_1032,2017-5014
2017-5014_209_1033,2017-5014
2017-7485_269_1034,2017-7485
2017-7485_268_1035,2017-7485
2017-7485_267_1036,2017-7485
2017-7485_266_1037,2017-7485
2017-7485_265_1038,2017-7485
2017-7485_264_1039,2017-7485
2017-7485_263_1040,2017-7485
2017-7485_262_1041,2017-7485
2017-7485_261_1042,2017-7485
2017-7485_260_1043,2017-7485
2017-7485_259_1044,2017-7485
2017-7485_256_1047,2017-7485
2017-7485_255_1048,2017-7485
2017-M014_269_1049,2017-M014
2017-M014_268_1050,2017-M014
2017-M014_263_1054,2017-M014
2017-0328_269_1078,2017-0328
2017-0328_268_1079,2017-0328
2017-0328_267_1080,2017-0328
2017-0328_265_1082,2017-0328
2017-0328_264_1083,2017-0328
2017-0328_263_1084,2017-0328
2017-0328_262_1085,2017-0328
2017-0328_258_1089,2017-0328
2017-0328_257_1090,2017-0328
2017-0328_256_1091,2017-0328
2017-0328_255_1092,2017-0328
2017-0328_242_1093,2017-0328
2017-0337_269_1096,2017-0337
2017-0337_268_1097,2017-0337
2017-0337_266_1098,2017-0337
2017-0337_265_1099,2017-0337
2017-0337_264_1100,2017-0337
2017-0337_263_1101,2017-0337
2017-0337_262_1102,2017-0337
2017-0337_260_1104,2017-0337
2017-0337_259_1105,2017-0337
2017-0337_258_1106,2017-0337
2017-0337_257_1107,2017-0337
2017-0337_256_1108,2017-0337
2017-0337_255_1109,2017-0337
2017-0337_242_1110,2017-0337
2017-0352_237_1113,2017-0352
2017-0352_236_1114,2017-0352
2017-0352_235_1115,2017-0352
2017-0352_234_1116,2017-0352
2017-0352_233_1117,2017-0352
2017-0352_232_1118,2017-0352
2017-0352_231_1119,2017-0352
2017-0352_230_1120,2017-0352
2017-0352_229_1121,2017-0352
2017-0352_228_1122,2017-0352
2017-0352_227_1123,2017-0352
2017-0352_226_1124,2017-0352
2017-0352_225_1125,2017-0352
2017-0352_224_1126,2017-0352
2017-0352_220_1128,2017-0352
2017-0352_217_1129,2017-0352
2017-0352_216_1130,2017-0352
2017-0352_213_1131,2017-0352
2017-0352_212_1132,2017-0352
2017-0352_209_1133,2017-0352
2017-0605_286_1135,2017-0605
2017-0605_285_1136,2017-0605
2017-0605_284_1137,2017-0605
2017-0605_283_1138,2017-0605
2017-0605_282_1139,2017-0605
2017-0605_281_1140,2017-0605
2017-0605_280_1141,2017-0605
2017-0605_279_1142,2017-0605
2017-0605_278_1143,2017-0605
2017-0605_277_1144,2017-0605
2017-0605_276_1145,2017-0605
2017-540_3101_1146,2017-540
2017-540_3105_1149,2017-540
2017-540_3108_1152,2017-540
2017-540_3109_1153,2017-540
2017-540_3110_1154,2017-540
2017-540_3118_1162,2017-540
2017-540_3122_1166,2017-540
2017-540_3123_1167,2017-540
2017-540_3124_1168,2017-540
2017-540_3128_1172,2017-540
2017-540_3129_1173,2017-540
2017-540_3132_1176,2017-540
2017-540_3202_1178,2017-540
2017-540_3205_1181,2017-540
2017-540_3208_1184,2017-540
2017-540_3209_1185,2017-540
2017-540_3211_1186,2017-540
2017-540_3212_1187,2017-540
2017-540_3213_1188,2017-540
2017-540_3214_1189,2017-540
2017-540_3301_1192,2017-540
2017-540_3304_1193,2017-540
2017-540_3305_1194,2017-540
2017-540_3306_1195,2017-540
2017-540_3307_1196,2017-540
2017-540_3401_1198,2017-540
2017-540_3402_1199,2017-540
2017-540_3403_1200,2017-540
2017-540_3404_1201,2017-540
2017-540_3501_1202,2017-540
2017-540_3502_1203,2017-540
2017-540_3601_1204,2017-540
2017-560_3107_1211,2017-560
2017-560_3108_1212,2017-560
2017-560_3110_1214,2017-560
2017-560_3111_1215,2017-560
2017-560_3112_1216,2017-560
2017-560_3113_1217,2017-560
2017-560_3116_1219,2017-560
2017-560_3117_1220,2017-560
2017-560_3119_1222,2017-560
2017-560_3120_1223,2017-560
2017-560_3124_1227,2017-560
2017-560_3125_1228,2017-560
2017-560_3126_1229,2017-560
2017-560_3127_1230,2017-560
2017-560_3129_1232,2017-560
2017-560_3132_1235,2017-560
2017-560_3202_1237,2017-560
2017-560_3203_1238,2017-560
2017-560_3204_1239,2017-560
2017-560_3205_1240,2017-560
2017-560_3206_1241,2017-560
2017-560_3210_1245,2017-560
2017-560_3213_1248,2017-560
2017-560_3214_1249,2017-560
2017-560_3215_1250,2017-560
2017-560_3216_1251,2017-560
2017-560_3301_1252,2017-560
2017-560_3303_1253,2017-560
2017-560_3304_1254,2017-560
2017-560_3305_1255,2017-560
2017-560_3307_1257,2017-560
2017-560_3308_1258,2017-560
2017-560_3401_1259,2017-560
2017-560_3402_1260,2017-560
2017-560_3403_1261,2017-560
2017-560_3404_1262,2017-560
2017-560_3501_1263,2017-560
2017-560_3502_1264,2017-560
2017-560_3601_1265,2017-560
2018-M020_269_1266,2018-M020
2018-M020_267_1267,2018-M020
2018-M020_266_1268,2018-M020
2018-M020_264_1270,2018-M020
2018-M020_263_1271,2018-M020
2018-M020_260_1274,2018-M020
2018-M020_258_1276,2018-M020
2018-M020_257_1277,2018-M020
2018-M020_256_1278,2018-M020
2018-M020_255_1279,2018-M020
2018-0451_269_1280,2018-0451
2018-0451_268_1281,2018-0451
2018-0451_267_1282,2018-0451
2018-0451_264_1285,2018-0451
2018-0451_262_1287,2018-0451
2018-0451_258_1291,2018-0451
2018-0451_257_1292,2018-0451
2018-0451_255_1294,2018-0451
2018-0891_269_1295,2018-0891
2018-0891_267_1297,2018-0891
2018-0891_265_1299,2018-0891
2018-0891_264_1300,2018-0891
2018-0891_263_1301,2018-0891
2018-0891_262_1302,2018-0891
2018-0891_260_1304,2018-0891
2018-0891_257_1307,2018-0891
2018-0301_269_1310,2018-0301
2018-0301_268_1311,2018-0301
2018-0301_267_1312,2018-0301
2018-0301_266_1313,2018-0301
2018-0301_265_1314,2018-0301
2018-0301_263_1315,2018-0301
2018-0301_262_1316,2018-0301
2018-0301_261_1317,2018-0301
2018-0301_260_1318,2018-0301
2018-0301_258_1320,2018-0301
2018-0301_257_1321,2018-0301
2018-0301_256_1322,2018-0301
2018-0301_255_1323,2018-0301
2018-580_101_1338,2018-580
2018-580_105_1342,2018-580
2018-580_107_1344,2018-580
2018-580_108_1345,2018-580
2018-580_109_1346,2018-580
2018-580_110_1347,2018-580
2018-580_111_1348,2018-580
2018-580_112_1349,2018-580
2018-580_114_1351,2018-580
2018-580_119_1356,2018-580
2018-580_121_1358,2018-580
2018-580_124_1361,2018-580
2018-580_127_1364,2018-580
2018-580_128_1365,2018-580
2018-580_129_1366,2018-580
2018-580_130_1367,2018-580
2018-580_132_1369,2018-580
2018-580_202_1371,2018-580
2018-580_203_1372,2018-580
2018-580_204_1373,2018-580
2018-580_205_1374,2018-580
2018-580_206_1375,2018-580
2018-580_207_1376,2018-580
2018-580_208_1377,2018-580
2018-580_209_1378,2018-580
2018-580_210_1379,2018-580
2018-580_213_1382,2018-580
2018-580_215_1383,2018-580
2018-580_301_1385,2018-580
2018-580_302_1386,2018-580
2018-580_303_1387,2018-580
2018-580_304_1388,2018-580
2018-580_305_1389,2018-580
2018-580_307_1390,2018-580
2018-580_401_1391,2018-580
2018-580_402_1392,2018-580
2018-580_404_1394,2018-580
2018-580_501_1395,2018-580
2018-580_502_1396,2018-580
2018-580_601_1397,2018-580
2018-0375_269_1398,2018-0375
2018-0375_268_1399,2018-0375
2018-0375_266_1401,2018-0375
2018-0375_263_1403,2018-0375
2018-0375_262_1404,2018-0375
2018-0375_261_1405,2018-0375
2018-0375_260_1406,2018-0375
2018-0375_257_1409,2018-0375
2018-0375_255_1411,2018-0375
2018-7434_269_1427,2018-7434
2018-7434_268_1428,2018-7434
2018-7434_267_1429,2018-7434
2018-7434_265_1431,2018-7434
2018-7434_260_1436,2018-7434
2018-7434_259_1437,2018-7434
2018-0506_269_1441,2018-0506
2018-0506_268_1442,2018-0506
2018-0506_267_1443,2018-0506
2018-0506_265_1444,2018-0506
2018-0506_264_1445,2018-0506
2018-0506_262_1447,2018-0506
2018-0506_261_1448,2018-0506
2018-0506_260_1449,2018-0506
2018-0506_259_1450,2018-0506
2018-0499_269_1487,2018-0499
2018-0499_268_1488,2018-0499
2018-0499_267_1489,2018-0499
2018-0499_266_1490,2018-0499
2018-0499_265_1491,2018-0499
2018-0499_264_1492,2018-0499
2018-0499_261_1495,2018-0499
2018-0499_260_1496,2018-0499
2018-0499_259_1497,2018-0499
2018-0499_257_1499,2018-0499
2018-0499_255_1501,2018-0499
2018-0496_269_1502,2018-0496
2018-0496_268_1503,2018-0496
2018-0496_267_1504,2018-0496
2018-0496_266_1505,2018-0496
2018-0496_265_1506,2018-0496
2018-0496_264_1507,2018-0496
2018-0496_263_1508,2018-0496
2018-0496_261_1510,2018-0496
2018-0496_260_1511,2018-0496
2018-0496_258_1513,2018-0496
2018-0496_255_1516,2018-0496
2018-6932_269_1517,2018-6932
2018-6932_268_1518,2018-6932
2018-6932_267_1519,2018-6932
2018-6932_266_1520,2018-6932
2018-6932_265_1521,2018-6932
2018-6932_264_1522,2018-6932
2018-6932_263_1523,2018-6932
2018-6932_262_1524,2018-6932
2018-6932_260_1526,2018-6932
2018-6932_259_1527,2018-6932
2018-6932_257_1529,2018-6932
2018-6932_256_1530,2018-6932
2018-6932_242_1532,2018-6932
2018-M004_269_1534,2018-M004
2018-M004_268_1535,2018-M004
2018-M004_267_1536,2018-M004
2018-M004_266_1537,2018-M004
2018-M004_265_1538,2018-M004
2018-M004_264_1539,2018-M004
2018-M004_263_1540,2018-M004
2018-M004_262_1541,2018-M004
2018-M004_261_1542,2018-M004
2018-M004_260_1543,2018-M004
2018-M004_259_1544,2018-M004
2018-M004_258_1545,2018-M004
2018-M004_256_1547,2018-M004
2018-M004_255_1548,2018-M004
2018-M004_242_1549,2018-M004
2018-0495_269_1551,2018-0495
2018-0495_267_1553,2018-0495
2018-0495_265_1554,2018-0495
2018-0495_264_1555,2018-0495
2018-0495_263_1556,2018-0495
2018-0495_260_1559,2018-0495
2018-0495_258_1561,2018-0495
2018-0495_257_1562,2018-0495
2018-0495_255_1564,2018-0495
2018-0533_269_1568,2018-0533
2018-0533_267_1570,2018-0533
2018-0533_265_1571,2018-0533
2018-0533_264_1572,2018-0533
2018-0533_260_1576,2018-0533
2018-0533_258_1578,2018-0533
2018-0533_255_1580,2018-0533
2018-M006_173_1581,2018-M006
2018-M006_172_1582,2018-M006
2018-M006_171_1583,2018-M006
2018-M006_170_1584,2018-M006
2018-M006_169_1585,2018-M006
2018-M006_168_1586,2018-M006
2018-M006_167_1587,2018-M006
2018-M006_165_1588,2018-M006
2018-M006_164_1589,2018-M006
2018-M006_163_1590,2018-M006
2018-M006_162_1591,2018-M006
2018-M006_161_1592,2018-M006
2018-M006_160_1593,2018-M006
2018-M006_159_1594,2018-M006
2018-M006_157_1596,2018-M006
2018-M006_156_1597,2018-M006
2018-M006_155_1598,2018-M006
2018-M006_154_1599,2018-M006
2018-M006_153_1600,2018-M006
2018-M006_151_1602,2018-M006
2018-M006_149_1604,2018-M006
2018-M006_148_1605,2018-M006
2018-M006_147_1606,2018-M006
2018-M006_146_1607,2018-M006
2018-M006_145_1608,2018-M006
2018-M006_143_1610,2018-M006
2018-M007_173_1611,2018-M007
2018-M007_172_1612,2018-M007
2018-M007_171_1613,2018-M007
2018-M007_170_1614,2018-M007
2018-M007_169_1615,2018-M007
2018-M007_168_1616,2018-M007
2018-M007_167_1617,2018-M007
2018-M007_166_1618,2018-M007
2018-M007_164_1619,2018-M007
2018-M007_163_1620,2018-M007
2018-M007_162_1621,2018-M007
2018-M007_161_1622,2018-M007
2018-M007_160_1623,2018-M007
2018-M007_159_1624,2018-M007
2018-M007_158_1625,2018-M007
2018-M007_155_1628,2018-M007
2018-M007_154_1629,2018-M007
2018-M007_153_1630,2018-M007
2018-M007_152_1631,2018-M007
2018-M007_151_1632,2018-M007
2018-M007_150_1633,2018-M007
2018-M007_149_1634,2018-M007
2018-M007_148_1635,2018-M007
2018-M007_147_1636,2018-M007
2018-M007_146_1637,2018-M007
2018-M007_145_1638,2018-M007
2018-M007_143_1640,2018-M007
2018-0717_269_1641,2018-0717
2018-0717_268_1642,2018-0717
2018-0717_266_1644,2018-0717
2018-0717_264_1646,2018-0717
2018-0717_261_1649,2018-0717
2018-0717_260_1650,2018-0717
2018-0717_258_1652,2018-0717
2018-0717_257_1653,2018-0717
2018-0410_237_1671,2018-0410
2018-0410_236_1672,2018-0410
2018-0410_235_1673,2018-0410
2018-0410_234_1674,2018-0410
2018-0410_233_1675,2018-0410
2018-0410_231_1676,2018-0410
2018-0410_230_1677,2018-0410
2018-0410_228_1678,2018-0410
2018-0410_227_1679,2018-0410
2018-0410_225_1681,2018-0410
2018-0410_224_1682,2018-0410
2018-0410_223_1683,2018-0410
2018-0410_220_1684,2018-0410
2018-0410_217_1685,2018-0410
2018-0410_216_1686,2018-0410
2018-0410_212_1688,2018-0410
2018-0410_209_1689,2018-0410
2018-0410_208_1690,2018-0410
2018-0425_237_1691,2018-0425
2018-0425_236_1692,2018-0425
2018-0425_235_1693,2018-0425
2018-0425_234_1694,2018-0425
2018-0425_233_1695,2018-0425
2018-0425_231_1696,2018-0425
2018-0425_230_1697,2018-0425
2018-0425_228_1699,2018-0425
2018-0425_227_1700,2018-0425
2018-0425_226_1701,2018-0425
2018-0425_225_1702,2018-0425
2018-0425_223_1704,2018-0425
2018-0425_199_1707,2018-0425
2018-7648_269_1708,2018-7648
2018-7648_268_1709,2018-7648
2018-7648_267_1710,2018-7648
2018-7648_266_1711,2018-7648
2018-7648_265_1712,2018-7648
2018-7648_264_1713,2018-7648
2018-7648_262_1715,2018-7648
2018-7648_261_1716,2018-7648
2018-7648_260_1717,2018-7648
2018-7648_258_1719,2018-7648
2018-7648_257_1720,2018-7648
2018-7648_255_1722,2018-7648
2018-7163_269_1738,2018-7163
2018-7163_268_1739,2018-7163
2018-7163_267_1740,2018-7163
2018-7163_266_1741,2018-7163
2018-7163_265_1742,2018-7163
2018-7163_264_1743,2018-7163
2018-7163_261_1745,2018-7163
2018-7163_260_1746,2018-7163
2018-7163_258_1748,2018-7163
2018-7163_256_1750,2018-7163
2018-7163_255_1751,2018-7163
2018-0308_269_1752,2018-0308
2018-0308_268_1753,2018-0308
2018-0308_267_1754,2018-0308
2018-0308_264_1757,2018-0308
2018-0308_262_1759,2018-0308
2018-0308_255_1766,2018-0308
2018-M021_236_1767,2018-M021
2018-M021_235_1768,2018-M021
2018-M021_234_1769,2018-M021
2018-M021_233_1770,2018-M021
2018-M021_232_1771,2018-M021
2018-M021_231_1772,2018-M021
2018-M021_230_1773,2018-M021
2018-M021_229_1774,2018-M021
2018-M021_228_1775,2018-M021
2018-M021_227_1776,2018-M021
2018-M021_226_1777,2018-M021
2018-M021_225_1778,2018-M021
2018-M021_224_1779,2018-M021
2018-M021_223_1780,2018-M021
2018-M021_220_1782,2018-M021
2018-M021_216_1784,2018-M021
2018-M021_213_1785,2018-M021
2018-M021_212_1786,2018-M021
2018-M021_209_1787,2018-M021
2018-M021_208_1788,2018-M021
2018-0322_269_1811,2018-0322
2018-0322_268_1812,2018-0322
2018-0322_267_1813,2018-0322
2018-0322_266_1814,2018-0322
2018-0322_264_1816,2018-0322
2018-0322_263_1817,2018-0322
2018-0322_262_1818,2018-0322
2018-0322_259_1821,2018-0322
2018-0322_257_1823,2018-0322
2018-0322_256_1824,2018-0322
2018-0322_255_1825,2018-0322
2018-520_3101_1841,2018-520
2018-520_3102_1842,2018-520
2018-520_3106_1846,2018-520
2018-520_3108_1848,2018-520
2018-520_3110_1850,2018-520
2018-520_3113_1853,2018-520
2018-520_3114_1854,2018-520
2018-520_3116_1856,2018-520
2018-520_3119_1859,2018-520
2018-520_3120_1860,2018-520
2018-520_3121_1861,2018-520
2018-520_3125_1865,2018-520
2018-520_3127_1867,2018-520
2018-520_3128_1868,2018-520
2018-520_3129_1869,2018-520
2018-520_3132_1872,2018-520
2018-520_3201_1873,2018-520
2018-520_3203_1875,2018-520
2018-520_3204_1876,2018-520
2018-520_3205_1877,2018-520
2018-520_3207_1879,2018-520
2018-520_3208_1880,2018-520
2018-520_3210_1882,2018-520
2018-520_3213_1885,2018-520
2018-520_3214_1886,2018-520
2018-520_3215_1887,2018-520
2018-520_3301_1889,2018-520
2018-520_3302_1890,2018-520
2018-520_3304_1892,2018-520
2018-520_3305_1893,2018-520
2018-520_3307_1895,2018-520
2018-520_3308_1896,2018-520
2018-520_3401_1897,2018-520
2018-520_3402_1898,2018-520
2018-520_3403_1899,2018-520
2018-520_3404_1900,2018-520
2018-520_3501_1901,2018-520
2018-520_3502_1902,2018-520
2018-520_3601_1903,2018-520
2018-M010_269_1904,2018-M010
2018-M010_268_1905,2018-M010
2018-M010_267_1906,2018-M010
2018-M010_266_1907,2018-M010
2018-M010_265_1908,2018-M010
2018-M010_264_1909,2018-M010
2018-M010_263_1910,2018-M010
2018-M010_261_1912,2018-M010
2018-M010_260_1913,2018-M010
2018-M010_258_1915,2018-M010
2018-M010_257_1916,2018-M010
2018-M010_256_1917,2018-M010
2018-0321_269_1919,2018-0321
2018-0321_268_1920,2018-0321
2018-0321_267_1921,2018-0321
2018-0321_266_1922,2018-0321
2018-0321_265_1923,2018-0321
2018-0321_264_1924,2018-0321
2018-0321_263_1925,2018-0321
2018-0321_262_1926,2018-0321
2018-0321_257_1931,2018-0321
2018-0321_255_1933,2018-0321
2018-0500_269_1934,2018-0500
2018-0500_268_1935,2018-0500
2018-0500_267_1936,2018-0500
2018-0500_266_1937,2018-0500
2018-0500_265_1938,2018-0500
2018-0500_264_1939,2018-0500
2018-0500_263_1940,2018-0500
2018-0500_262_1941,2018-0500
2018-0500_261_1942,2018-0500
2018-0500_260_1943,2018-0500
2018-0500_258_1945,2018-0500
2018-0500_257_1946,2018-0500
2018-0500_256_1947,2018-0500
2018-0500_240_1951,2018-0500
2018-7650_269_1970,2018-7650
2018-7650_268_1971,2018-7650
2018-7650_267_1972,2018-7650
2018-7650_266_1973,2018-7650
2018-7650_265_1974,2018-7650
2018-7650_264_1975,2018-7650
2018-7650_263_1976,2018-7650
2018-7650_262_1977,2018-7650
2018-7650_259_1980,2018-7650
2018-7650_258_1981,2018-7650
2018-7650_255_1984,2018-7650
2018-M016_269_1985,2018-M016
2018-M016_268_1986,2018-M016
2018-M016_267_1987,2018-M016
2018-M016_266_1988,2018-M016
2018-M016_264_1990,2018-M016
2018-M016_263_1991,2018-M016
2018-M016_262_1992,2018-M016
2018-M016_261_1993,2018-M016
2018-M016_259_1995,2018-M016
2018-M016_258_1996,2018-M016
2018-M016_257_1997,2018-M016
2018-M016_256_1998,2018-M016
2018-M016_255_1999,2018-M016
2018-540_3101_2000,2018-540
2018-540_3102_2001,2018-540
2018-540_3108_2007,2018-540
2018-540_3109_2008,2018-540
2018-540_3112_2011,2018-540
2018-540_3116_2014,2018-540
2018-540_3117_2015,2018-540
2018-540_3120_2018,2018-540
2018-540_3121_2019,2018-540
2018-540_3124_2022,2018-540
2018-540_3126_2023,2018-540
2018-540_3127_2024,2018-540
2018-540_3129_2026,2018-540
2018-540_3130_2027,2018-540
2018-540_3131_2028,2018-540
2018-540_3132_2029,2018-540
2018-540_3201_2030,2018-540
2018-540_3202_2031,2018-540
2018-540_3203_2032,2018-540
2018-540_3204_2033,2018-540
2018-540_3205_2034,2018-540
2018-540_3208_2036,2018-540
2018-540_3210_2038,2018-540
2018-540_3211_2039,2018-540
2018-540_3213_2040,2018-540
2018-540_3214_2041,2018-540
2018-540_3215_2042,2018-540
2018-540_3216_2043,2018-540
2018-540_3301_2044,2018-540
2018-540_3302_2045,2018-540
2018-540_3303_2046,2018-540
2018-540_3304_2047,2018-540
2018-540_3305_2048,2018-540
2018-540_3306_2049,2018-540
2018-540_3307_2050,2018-540
2018-540_3308_2051,2018-540
2018-540_3401_2052,2018-540
2018-540_3402_2053,2018-540
2018-540_3403_2054,2018-540
2018-540_3404_2055,2018-540
2018-540_3501_2056,2018-540
2018-540_3502_2057,2018-540
2018-540_3601_2058,2018-540
2018-0315_269_2059,2018-0315
2018-0315_268_2060,2018-0315
2018-0315_267_2061,2018-0315
2018-0315_266_2062,2018-0315
2018-0315_264_2063,2018-0315
2018-0315_262_2065,2018-0315
2018-0315_261_2066,2018-0315
2018-6116_269_2088,2018-6116
2018-6116_268_2089,2018-6116
2018-6116_267_2090,2018-6116
2018-6116_266_2091,2018-6116
2018-6116_264_2093,2018-6116
2018-6116_262_2095,2018-6116
2018-6116_257_2100,2018-6116
2018-6116_255_2102,2018-6116
2018-0314_267_2105,2018-0314
2018-0314_262_2110,2018-0314
2018-0314_259_2113,2018-0314
2018-0314_257_2115,2018-0314
2018-0314_255_2117,2018-0314
2018-7480_264_2123,2018-7480
2018-7480_260_2127,2018-7480
2018-7480_258_2129,2018-7480
2018-0319_268_2134,2018-0319
2018-0319_266_2135,2018-0319
2018-0319_265_2136,2018-0319
2018-0319_262_2138,2018-0319
2018-0319_261_2139,2018-0319
2018-0319_260_2140,2018-0319
2018-0319_257_2143,2018-0319
2018-0319_255_2145,2018-0319
2018-0421_237_2161,2018-0421
2018-0421_236_2162,2018-0421
2018-0421_235_2163,2018-0421
2018-0421_234_2164,2018-0421
2018-0421_233_2165,2018-0421
2018-0421_231_2167,2018-0421
2018-0421_229_2168,2018-0421
2018-0421_228_2169,2018-0421
2018-0421_227_2170,2018-0421
2018-0421_226_2171,2018-0421
2018-0421_224_2173,2018-0421
2018-0421_223_2174,2018-0421
2018-0421_216_2178,2018-0421
2018-0421_213_2179,2018-0421
2018-0421_209_2181,2018-0421
2018-0421_208_2182,2018-0421
2018-M024_237_2183,2018-M024
2018-M024_235_2185,2018-M024
2018-M024_232_2187,2018-M024
2018-M024_231_2188,2018-M024
2018-M024_230_2189,2018-M024
2018-M024_229_2190,2018-M024
2018-M024_228_2191,2018-M024
2018-M024_226_2193,2018-M024
2018-M024_225_2194,2018-M024
2018-M024_224_2195,2018-M024
2018-M024_223_2196,2018-M024
2018-M024_221_2197,2018-M024
2018-M024_220_2198,2018-M024
2018-M024_217_2199,2018-M024
2018-M024_208_2204,2018-M024
2018-6242_237_2205,2018-6242
2018-6242_236_2206,2018-6242
2018-6242_235_2207,2018-6242
2018-6242_234_2208,2018-6242
2018-6242_233_2209,2018-6242
2018-6242_232_2210,2018-6242
2018-6242_231_2211,2018-6242
2018-6242_230_2212,2018-6242
2018-6242_229_2213,2018-6242
2018-6242_228_2214,2018-6242
2018-6242_227_2215,2018-6242
2018-6242_226_2216,2018-6242
2018-6242_225_2217,2018-6242
2018-6242_224_2218,2018-6242
2018-6242_223_2219,2018-6242
2018-560_3101_2220,2018-560
2018-560_3104_2223,2018-560
2018-560_3105_2224,2018-560
2018-560_3109_2228,2018-560
2018-560_3110_2229,2018-560
2018-560_3111_2230,2018-560
2018-560_3115_2234,2018-560
2018-560_3116_2235,2018-560
2018-560_3118_2237,2018-560
2018-560_3120_2239,2018-560
2018-560_3121_2240,2018-560
2018-560_3122_2241,2018-560
2018-560_3126_2245,2018-560
2018-560_3128_2247,2018-560
2018-560_3131_2250,2018-560
2018-560_3132_2251,2018-560
2018-560_3201_2252,2018-560
2018-560_3203_2254,2018-560
2018-560_3204_2255,2018-560
2018-560_3205_2256,2018-560
2018-560_3206_2257,2018-560
2018-560_3208_2259,2018-560
2018-560_3209_2260,2018-560
2018-560_3210_2261,2018-560
2018-560_3211_2262,2018-560
2018-560_3213_2264,2018-560
2018-560_3215_2266,2018-560
2018-560_3216_2267,2018-560
2018-560_3302_2269,2018-560
2018-560_3303_2270,2018-560
2018-560_3305_2272,2018-560
2018-560_3306_2273,2018-560
2018-560_3307_2274,2018-560
2018-560_3308_2275,2018-560
2018-560_3402_2277,2018-560
2018-560_3403_2278,2018-560
2018-560_3404_2279,2018-560
2018-560_3501_2280,2018-560
2018-560_3502_2281,2018-560
2018-560_3601_2282,2018-560
2018-0341_269_2283,2018-0341
2018-0341_268_2284,2018-0341
2018-0341_267_2285,2018-0341
2018-0341_265_2287,2018-0341
2018-0341_264_2288,2018-0341
2018-0341_263_2289,2018-0341
2018-0341_262_2290,2018-0341
2018-0341_259_2293,2018-0341
2018-0341_256_2296,2018-0341
2018-0341_255_2297,2018-0341
2018-0568_269_2298,2018-0568
2018-0568_268_2299,2018-0568
2018-0568_267_2300,2018-0568
2018-0568_266_2301,2018-0568
2018-0568_264_2303,2018-0568
2018-0568_262_2304,2018-0568
2018-0568_261_2305,2018-0568
2018-0568_257_2309,2018-0568
2018-0568_255_2311,2018-0568
2018-6967_269_2327,2018-6967
2018-6967_268_2328,2018-6967
2018-6967_267_2329,2018-6967
2018-6967_266_2330,2018-6967
2018-6967_263_2332,2018-6967
2018-6967_256_2338,2018-6967
2018-M015_269_2340,2018-M015
2018-M015_268_2341,2018-M015
2018-M015_267_2342,2018-M015
2018-M015_266_2343,2018-M015
2018-M015_264_2345,2018-M015
2018-M015_263_2346,2018-M015
2018-M015_262_2347,2018-M015
2018-M015_261_2348,2018-M015
2018-M015_258_2351,2018-M015
2018-M015_257_2352,2018-M015
2018-M015_256_2353,2018-M015
2018-M015_242_2355,2018-M015
2018-M015_241_2356,2018-M015
2018-0329_269_2358,2018-0329
2018-0329_268_2359,2018-0329
2018-0329_266_2361,2018-0329
2018-0329_264_2363,2018-0329
2018-0329_262_2365,2018-0329
2018-0329_260_2367,2018-0329
2018-0329_258_2369,2018-0329
2018-0329_257_2370,2018-0329
2018-0329_255_2372,2018-0329
2018-0329_242_2373,2018-0329
2018-0329_241_2374,2018-0329
2018-5014_237_2376,2018-5014
2018-5014_236_2377,2018-5014
2018-5014_235_2378,2018-5014
2018-5014_234_2379,2018-5014
2018-5014_233_2380,2018-5014
2018-5014_232_2381,2018-5014
2018-5014_231_2382,2018-5014
2018-5014_230_2383,2018-5014
2018-5014_229_2384,2018-5014
2018-5014_228_2385,2018-5014
2018-5014_227_2386,2018-5014
2018-5014_226_2387,2018-5014
2018-5014_225_2388,2018-5014
2018-5014_223_2390,2018-5014
2018-5014_221_2391,2018-5014
2018-5014_220_2392,2018-5014
2018-5014_213_2395,2018-5014
2018-M014_269_2414,2018-M014
2018-M014_267_2415,2018-M014
2018-M014_266_2416,2018-M014
2018-M014_265_2417,2018-M014
2018-M014_260_2421,2018-M014
2018-M014_259_2422,2018-M014
2018-M014_258_2423,2018-M014
2018-M014_257_2424,2018-M014
2018-0429_269_2427,2018-0429
2018-0429_268_2428,2018-0429
2018-0429_267_2429,2018-0429
2018-0429_266_2430,2018-0429
2018-0429_265_2431,2018-0429
2018-0429_264_2432,2018-0429
2018-0429_263_2433,2018-0429
2018-0429_261_2435,2018-0429
2018-0429_260_2436,2018-0429
2018-0429_255_2441,2018-0429
2018-0328_269_2442,2018-0328
2018-0328_268_2443,2018-0328
2018-0328_267_2444,2018-0328
2018-0328_265_2446,2018-0328
2018-0328_264_2447,2018-0328
2018-0328_263_2448,2018-0328
2018-0328_260_2451,2018-0328
2018-0328_259_2452,2018-0328
2018-0328_258_2453,2018-0328
2018-0328_257_2454,2018-0328
2018-0328_255_2456,2018-0328
2018-0328_242_2457,2018-0328
2018-0328_240_2459,2018-0328
2018-0337_269_2460,2018-0337
2018-0337_268_2461,2018-0337
2018-0337_267_2462,2018-0337
2018-0337_266_2463,2018-0337
2018-0337_265_2464,2018-0337
2018-0337_264_2465,2018-0337
2018-0337_263_2466,2018-0337
2018-0337_260_2469,2018-0337
2018-0337_259_2470,2018-0337
2018-0337_258_2471,2018-0337
2018-0337_257_2472,2018-0337
2018-0337_255_2474,2018-0337
2018-0337_242_2475,2018-0337
2018-0352_237_2478,2018-0352
2018-0352_235_2479,2018-0352
2018-0352_234_2480,2018-0352
2018-0352_233_2481,2018-0352
2018-0352_232_2482,2018-0352
2018-0352_231_2483,2018-0352
2018-0352_230_2484,2018-0352
2018-0352_229_2485,2018-0352
2018-0352_228_2486,2018-0352
2018-0352_227_2487,2018-0352
2018-0352_226_2488,2018-0352
2018-0352_225_2489,2018-0352
2018-0352_224_2490,2018-0352
2018-0352_223_2491,2018-0352
2018-0352_221_2492,2018-0352
2018-0352_220_2493,2018-0352
2018-0352_216_2495,2018-0352
2018-0352_213_2496,2018-0352
2018-0352_209_2498,2018-0352
2018-0352_208_2499,2018-0352
2018-0605_285_2500,2018-0605
2018-0605_284_2501,2018-0605
2018-0605_283_2502,2018-0605
2018-0605_282_2503,2018-0605
2018-0605_281_2504,2018-0605
2018-0605_280_2505,2018-0605
2018-0605_279_2506,2018-0605
2018-0605_278_2507,2018-0605
2018-0605_277_2508,2018-0605
2018-0605_276_2509,2018-0605
2018-0605_275_2510,2018-0605
2018-0605_274_2511,2018-0605
2018-0605_273_2512,2018-0605
2019-M020_269_2513,2019-M020
2019-M020_267_2515,2019-M020
2019-M020_265_2517,2019-M020
2019-M020_264_2518,2019-M020
2019-M020_263_2519,2019-M020
2019-M020_259_2523,2019-M020
2019-M020_258_2524,2019-M020
2019-M020_257_2525,2019-M020
2019-0451_267_2530,2019-0451
2019-0451_264_2533,2019-0451
2019-0451_262_2534,2019-0451
2019-0451_258_2538,2019-0451
2019-0451_257_2539,2019-0451
2019-0451_256_2540,2019-0451
2019-0451_255_2541,2019-0451
2019-0891_269_2542,2019-0891
2019-0891_268_2543,2019-0891
2019-0891_266_2545,2019-0891
2019-0891_265_2546,2019-0891
2019-0891_262_2549,2019-0891
2019-0891_261_2550,2019-0891
2019-0891_260_2551,2019-0891
2019-0301_269_2557,2019-0301
2019-0301_268_2558,2019-0301
2019-0301_267_2559,2019-0301
2019-0301_266_2560,2019-0301
2019-0301_265_2561,2019-0301
2019-0301_264_2562,2019-0301
2019-0301_263_2563,2019-0301
2019-0301_262_2564,2019-0301
2019-0301_261_2565,2019-0301
2019-0301_260_2566,2019-0301
2019-0301_259_2567,2019-0301
2019-0301_257_2569,2019-0301
2019-0301_255_2571,2019-0301
2019-M001_269_2572,2019-M001
2019-M001_267_2574,2019-M001
2019-M001_266_2575,2019-M001
2019-M001_263_2578,2019-M001
2019-M001_262_2579,2019-M001
2019-M001_261_2580,2019-M001
2019-M001_257_2583,2019-M001
2019-M001_256_2584,2019-M001
2019-M001_255_2585,2019-M001
2019-580_300_2586,2019-580
2019-580_299_2587,2019-580
2019-580_298_2588,2019-580
2019-580_297_2589,2019-580
2019-580_296_2590,2019-580
2019-580_295_2591,2019-580
2019-580_294_2592,2019-580
2019-580_293_2593,2019-580
2019-580_292_2594,2019-580
2019-580_291_2595,2019-580
2019-580_290_2596,2019-580
2019-580_288_2598,2019-580
2019-580_287_2599,2019-580
2019-580_286_2600,2019-580
2019-580_285_2601,2019-580
2019-580_284_2602,2019-580
2019-580_283_2603,2019-580
2019-580_282_2604,2019-580
2019-580_281_2605,2019-580
2019-580_280_2606,2019-580
2019-580_279_2607,2019-580
2019-580_278_2608,2019-580
2019-580_277_2609,2019-580
2019-580_276_2610,2019-580
2019-580_272_2614,2019-580
2019-580_271_2615,2019-580
2019-580_270_2616,2019-580
2019-580_269_2617,2019-580
2019-580_268_2618,2019-580
2019-580_267_2619,2019-580
2019-580_265_2621,2019-580
2019-580_262_2624,2019-580
2019-580_261_2625,2019-580
2019-580_259_2627,2019-580
2019-580_257_2628,2019-580
2019-580_256_2629,2019-580
2019-580_255_2630,2019-580
2019-580_254_2631,2019-580
2019-580_252_2633,2019-580
2019-580_250_2635,2019-580
2019-580_242_2643,2019-580
2019-580_241_2644,2019-580
2019-580_239_2646,2019-580
2019-0375_268_2663,2019-0375
2019-0375_266_2665,2019-0375
2019-0375_265_2666,2019-0375
2019-0375_263_2668,2019-0375
2019-0375_259_2672,2019-0375
2019-0375_257_2674,2019-0375
2019-0375_256_2675,2019-0375
2019-0375_255_2676,2019-0375
2019-7434_267_2679,2019-7434
2019-7434_264_2682,2019-7434
2019-7434_263_2683,2019-7434
2019-7434_262_2684,2019-7434
2019-7434_260_2686,2019-7434
2019-7434_256_2689,2019-7434
2019-7434_255_2690,2019-7434
2019-0506_269_2691,2019-0506
2019-0506_268_2692,2019-0506
2019-0506_267_2693,2019-0506
2019-0506_265_2695,2019-0506
2019-0506_264_2696,2019-0506
2019-0506_263_2697,2019-0506
2019-0506_262_2698,2019-0506
2019-0506_259_2701,2019-0506
2019-0506_257_2703,2019-0506
2019-0506_256_2704,2019-0506
2019-0506_255_2705,2019-0506
2019-0499_269_2738,2019-0499
2019-0499_268_2739,2019-0499
2019-0499_266_2741,2019-0499
2019-0499_265_2742,2019-0499
2019-0499_263_2744,2019-0499
2019-0499_262_2745,2019-0499
2019-0499_257_2750,2019-0499
2019-0499_256_2751,2019-0499
2019-0496_269_2753,2019-0496
2019-0496_268_2754,2019-0496
2019-0496_266_2756,2019-0496
2019-0496_264_2758,2019-0496
2019-0496_262_2760,2019-0496
2019-0496_260_2761,2019-0496
2019-0496_255_2766,2019-0496
2019-6932_267_2769,2019-6932
2019-6932_265_2771,2019-6932
2019-6932_264_2772,2019-6932
2019-6932_263_2773,2019-6932
2019-6932_260_2776,2019-6932
2019-6932_259_2777,2019-6932
2019-6932_258_2778,2019-6932
2019-6932_257_2779,2019-6932
2019-6932_255_2781,2019-6932
2019-M004_269_2785,2019-M004
2019-M004_268_2786,2019-M004
2019-M004_267_2787,2019-M004
2019-M004_265_2789,2019-M004
2019-M004_264_2790,2019-M004
2019-M004_263_2791,2019-M004
2019-M004_260_2794,2019-M004
2019-M004_258_2796,2019-M004
2019-M004_257_2797,2019-M004
2019-M004_256_2798,2019-M004
2019-M004_255_2799,2019-M004
2019-0533_269_2821,2019-0533
2019-0533_268_2822,2019-0533
2019-0533_266_2824,2019-0533
2019-0533_264_2826,2019-0533
2019-0533_262_2828,2019-0533
2019-0533_261_2829,2019-0533
2019-0533_260_2830,2019-0533
2019-0533_256_2834,2019-0533
2019-M007_173_2867,2019-M007
2019-M007_172_2868,2019-M007
2019-M007_171_2869,2019-M007
2019-M007_170_2870,2019-M007
2019-M007_169_2871,2019-M007
2019-M007_168_2872,2019-M007
2019-M007_167_2873,2019-M007
2019-M007_166_2874,2019-M007
2019-M007_165_2875,2019-M007
2019-M007_164_2876,2019-M007
2019-M007_163_2877,2019-M007
2019-M007_162_2878,2019-M007
2019-M007_161_2879,2019-M007
2019-M007_160_2880,2019-M007
2019-M007_159_2881,2019-M007
2019-M007_158_2882,2019-M007
2019-M007_157_2883,2019-M007
2019-M007_156_2884,2019-M007
2019-M007_155_2885,2019-M007
2019-M007_154_2886,2019-M007
2019-M007_153_2887,2019-M007
2019-M007_152_2888,2019-M007
2019-M007_151_2889,2019-M007
2019-M007_150_2890,2019-M007
2019-M007_149_2891,2019-M007
2019-M007_148_2892,2019-M007
2019-M007_147_2893,2019-M007
2019-M007_146_2894,2019-M007
2019-0360_269_2912,2019-0360
2019-0360_268_2913,2019-0360
2019-0360_267_2914,2019-0360
2019-0360_266_2915,2019-0360
2019-0360_264_2916,2019-0360
2019-0360_263_2917,2019-0360
2019-0360_262_2918,2019-0360
2019-0360_258_2921,2019-0360
2019-0360_255_2924,2019-0360
2019-0410_237_2925,2019-0410
2019-0410_236_2926,2019-0410
2019-0410_235_2927,2019-0410
2019-0410_234_2928,2019-0410
2019-0410_233_2929,2019-0410
2019-0410_231_2930,2019-0410
2019-0410_230_2931,2019-0410
2019-0410_229_2932,2019-0410
2019-0410_228_2933,2019-0410
2019-0410_227_2934,2019-0410
2019-0410_226_2935,2019-0410
2019-0410_224_2937,2019-0410
2019-0410_223_2938,2019-0410
2019-0410_222_2939,2019-0410
2019-0410_221_2940,2019-0410
2019-0410_220_2941,2019-0410
2019-0410_219_2942,2019-0410
2019-0410_218_2943,2019-0410
2019-0410_216_2945,2019-0410
2019-0410_214_2947,2019-0410
2019-0410_213_2948,2019-0410
2019-0410_210_2951,2019-0410
2019-0410_209_2952,2019-0410
2019-0410_207_2954,2019-0410
2019-0425_237_2955,2019-0425
2019-0425_236_2956,2019-0425
2019-0425_235_2957,2019-0425
2019-0425_234_2958,2019-0425
2019-0425_233_2959,2019-0425
2019-0425_232_2960,2019-0425
2019-0425_231_2961,2019-0425
2019-0425_230_2962,2019-0425
2019-0425_229_2963,2019-0425
2019-0425_228_2964,2019-0425
2019-0425_227_2965,2019-0425
2019-0425_226_2966,2019-0425
2019-0425_224_2968,2019-0425
2019-0425_223_2969,2019-0425
2019-0425_201_2970,2019-0425
2019-0425_200_2971,2019-0425
2019-0425_199_2972,2019-0425
2019-7648_269_2973,2019-7648
2019-7648_267_2975,2019-7648
2019-7648_265_2977,2019-7648
2019-7648_264_2978,2019-7648
2019-7648_263_2979,2019-7648
2019-7648_259_2983,2019-7648
2019-7648_256_2986,2019-7648
2019-7648_255_2987,2019-7648
2019-7290_269_2988,2019-7290
2019-7290_268_2989,2019-7290
2019-7290_266_2991,2019-7290
2019-7290_265_2992,2019-7290
2019-7290_264_2993,2019-7290
2019-7290_262_2995,2019-7290
2019-7290_261_2996,2019-7290
2019-7290_258_2999,2019-7290
2019-7290_257_3000,2019-7290
2019-0308_269_3002,2019-0308
2019-0308_268_3003,2019-0308
2019-0308_267_3004,2019-0308
2019-0308_266_3005,2019-0308
2019-0308_265_3006,2019-0308
2019-0308_263_3008,2019-0308
2019-0308_262_3009,2019-0308
2019-0308_260_3011,2019-0308
2019-0308_258_3013,2019-0308
2019-M021_237_3017,2019-M021
2019-M021_236_3018,2019-M021
2019-M021_235_3019,2019-M021
2019-M021_233_3020,2019-M021
2019-M021_232_3021,2019-M021
2019-M021_231_3022,2019-M021
2019-M021_229_3024,2019-M021
2019-M021_227_3026,2019-M021
2019-M021_226_3027,2019-M021
2019-M021_224_3028,2019-M021
2019-M021_223_3029,2019-M021
2019-M021_222_3030,2019-M021
2019-M021_220_3032,2019-M021
2019-M021_219_3033,2019-M021
2019-M021_218_3034,2019-M021
2019-M021_216_3036,2019-M021
2019-M021_214_3037,2019-M021
2019-M021_213_3038,2019-M021
2019-M021_212_3039,2019-M021
2019-M021_209_3042,2019-M021
2019-M021_208_3043,2019-M021
2019-M021_207_3044,2019-M021
2019-M009_237_3045,2019-M009
2019-M009_236_3046,2019-M009
2019-M009_235_3047,2019-M009
2019-M009_234_3048,2019-M009
2019-M009_233_3049,2019-M009
2019-M009_232_3050,2019-M009
2019-M009_231_3051,2019-M009
2019-M009_230_3052,2019-M009
2019-M009_228_3053,2019-M009
2019-M009_227_3054,2019-M009
2019-M009_226_3055,2019-M009
2019-M009_225_3056,2019-M009
2019-M009_224_3057,2019-M009
2019-M009_222_3059,2019-M009
2019-M009_220_3061,2019-M009
2019-M009_219_3062,2019-M009
2019-M009_218_3063,2019-M009
2019-M009_215_3066,2019-M009
2019-M009_214_3067,2019-M009
2019-M009_213_3068,2019-M009
2019-M009_211_3069,2019-M009
2019-M009_210_3070,2019-M009
2019-M009_209_3071,2019-M009
2019-0322_269_3074,2019-0322
2019-0322_268_3075,2019-0322
2019-0322_267_3076,2019-0322
2019-0322_260_3081,2019-0322
2019-0322_259_3082,2019-0322
2019-0322_255_3086,2019-0322
2019-7694_269_3087,2019-7694
2019-7694_268_3088,2019-7694
2019-7694_267_3089,2019-7694
2019-7694_265_3090,2019-7694
2019-7694_264_3091,2019-7694
2019-7694_263_3092,2019-7694
2019-7694_260_3095,2019-7694
2019-7694_257_3098,2019-7694
2019-7694_256_3099,2019-7694
2019-520_300_3101,2019-520
2019-520_299_3102,2019-520
2019-520_298_3103,2019-520
2019-520_297_3104,2019-520
2019-520_296_3105,2019-520
2019-520_295_3106,2019-520
2019-520_293_3108,2019-520
2019-520_292_3109,2019-520
2019-520_291_3110,2019-520
2019-520_290_3111,2019-520
2019-520_289_3112,2019-520
2019-520_288_3113,2019-520
2019-520_285_3116,2019-520
2019-520_284_3117,2019-520
2019-520_282_3119,2019-520
2019-520_281_3120,2019-520
2019-520_278_3123,2019-520
2019-520_274_3127,2019-520
2019-520_272_3129,2019-520
2019-520_269_3132,2019-520
2019-520_267_3134,2019-520
2019-520_266_3135,2019-520
2019-520_265_3136,2019-520
2019-520_262_3139,2019-520
2019-520_261_3140,2019-520
2019-520_257_3143,2019-520
2019-520_256_3144,2019-520
2019-520_255_3145,2019-520
2019-520_246_3152,2019-520
2019-520_243_3155,2019-520
2019-520_241_3157,2019-520
2019-520_238_3160,2019-520
2019-0321_269_3176,2019-0321
2019-0321_268_3177,2019-0321
2019-0321_267_3178,2019-0321
2019-0321_266_3179,2019-0321
2019-0321_263_3182,2019-0321
2019-0321_262_3183,2019-0321
2019-0321_261_3184,2019-0321
2019-0321_260_3185,2019-0321
2019-0321_257_3188,2019-0321
2019-0321_256_3189,2019-0321
2019-0321_255_3190,2019-0321
2019-0500_269_3191,2019-0500
2019-0500_268_3192,2019-0500
2019-0500_267_3193,2019-0500
2019-0500_264_3196,2019-0500
2019-0500_263_3197,2019-0500
2019-0500_262_3198,2019-0500
2019-0500_258_3202,2019-0500
2019-0500_257_3203,2019-0500
2019-0500_256_3204,2019-0500
2019-0500_255_3205,2019-0500
2019-0311_267_3211,2019-0311
2019-0311_265_3213,2019-0311
2019-0311_264_3214,2019-0311
2019-0311_263_3215,2019-0311
2019-0311_260_3218,2019-0311
2019-0311_259_3219,2019-0311
2019-0311_257_3221,2019-0311
2019-0311_242_3224,2019-0311
2019-0311_241_3225,2019-0311
2019-7650_269_3226,2019-7650
2019-7650_268_3227,2019-7650
2019-7650_267_3228,2019-7650
2019-7650_266_3229,2019-7650
2019-7650_265_3230,2019-7650
2019-7650_263_3232,2019-7650
2019-7650_262_3233,2019-7650
2019-7650_261_3234,2019-7650
2019-7650_259_3236,2019-7650
2019-7650_257_3238,2019-7650
2019-7650_256_3239,2019-7650
2019-M016_269_3241,2019-M016
2019-M016_268_3242,2019-M016
2019-M016_267_3243,2019-M016
2019-M016_265_3245,2019-M016
2019-M016_264_3246,2019-M016
2019-M016_263_3247,2019-M016
2019-M016_260_3250,2019-M016
2019-M016_259_3251,2019-M016
2019-M016_256_3254,2019-M016
2019-M016_255_3255,2019-M016
2019-540_3101_3256,2019-540
2019-540_3104_3259,2019-540
2019-540_3108_3263,2019-540
2019-540_3109_3264,2019-540
2019-540_3111_3266,2019-540
2019-540_3112_3267,2019-540
2019-540_3113_3268,2019-540
2019-540_3120_3275,2019-540
2019-540_3121_3276,2019-540
2019-540_3124_3279,2019-540
2019-540_3125_3280,2019-540
2019-540_3128_3283,2019-540
2019-540_3202_3288,2019-540
2019-540_3203_3289,2019-540
2019-540_3204_3290,2019-540
2019-540_3205_3291,2019-540
2019-540_3206_3292,2019-540
2019-540_3207_3293,2019-540
2019-540_3209_3295,2019-540
2019-540_3211_3297,2019-540
2019-540_3213_3299,2019-540
2019-540_3214_3300,2019-540
2019-540_3215_3301,2019-540
2019-540_3301_3303,2019-540
2019-540_3302_3304,2019-540
2019-540_3303_3305,2019-540
2019-540_3304_3306,2019-540
2019-540_3305_3307,2019-540
2019-540_3306_3308,2019-540
2019-540_3308_3309,2019-540
2019-540_3401_3310,2019-540
2019-540_3402_3311,2019-540
2019-540_3403_3312,2019-540
2019-540_3404_3313,2019-540
2019-540_3501_3314,2019-540
2019-540_3502_3315,2019-540
2019-540_3601_3316,2019-540
2019-0316_269_3317,2019-0316
2019-0316_268_3318,2019-0316
2019-0316_267_3319,2019-0316
2019-0316_266_3320,2019-0316
2019-0316_265_3321,2019-0316
2019-0316_263_3323,2019-0316
2019-0316_256_3330,2019-0316
2019-0316_255_3331,2019-0316
2019-0315_268_3333,2019-0315
2019-0315_265_3336,2019-0315
2019-0315_264_3337,2019-0315
2019-0439_269_3347,2019-0439
2019-0439_268_3348,2019-0439
2019-0439_267_3349,2019-0439
2019-0439_255_3360,2019-0439
2019-6116_269_3361,2019-6116
2019-6116_268_3362,2019-6116
2019-6116_267_3363,2019-6116
2019-6116_266_3364,2019-6116
2019-6116_265_3365,2019-6116
2019-6116_264_3366,2019-6116
2019-6116_263_3367,2019-6116
2019-6116_257_3373,2019-6116
2019-0314_269_3376,2019-0314
2019-0314_268_3377,2019-0314
2019-0314_266_3379,2019-0314
2019-0314_265_3380,2019-0314
2019-0314_264_3381,2019-0314
2019-0314_255_3390,2019-0314
2019-0414_269_3391,2019-0414
2019-0414_268_3392,2019-0414
2019-0414_267_3393,2019-0414
2019-0414_266_3394,2019-0414
2019-0414_264_3396,2019-0414
2019-0414_263_3397,2019-0414
2019-0414_257_3403,2019-0414
2019-0414_256_3404,2019-0414
2019-0414_255_3405,2019-0414
2019-0319_269_3409,2019-0319
2019-0319_268_3410,2019-0319
2019-0319_267_3411,2019-0319
2019-0319_266_3412,2019-0319
2019-0319_263_3415,2019-0319
2019-0319_262_3416,2019-0319
2019-0319_257_3421,2019-0319
2019-0319_255_3423,2019-0319
2019-7480_269_3424,2019-7480
2019-7480_268_3425,2019-7480
2019-7480_267_3426,2019-7480
2019-7480_263_3429,2019-7480
2019-7480_260_3432,2019-7480
2019-7480_257_3435,2019-7480
2019-M035_237_3438,2019-M035
2019-M035_235_3440,2019-M035
2019-M035_233_3442,2019-M035
2019-M035_231_3444,2019-M035
2019-M035_230_3445,2019-M035
2019-M035_228_3447,2019-M035
2019-M035_225_3450,2019-M035
2019-M035_224_3451,2019-M035
2019-M035_223_3452,2019-M035
2019-M035_201_3453,2019-M035
2019-0421_237_3456,2019-0421
2019-0421_236_3457,2019-0421
2019-0421_235_3458,2019-0421
2019-0421_234_3459,2019-0421
2019-0421_232_3460,2019-0421
2019-0421_231_3461,2019-0421
2019-0421_229_3463,2019-0421
2019-0421_228_3464,2019-0421
2019-0421_226_3466,2019-0421
2019-0421_224_3468,2019-0421
2019-0421_222_3470,2019-0421
2019-0421_220_3472,2019-0421
2019-0421_219_3473,2019-0421
2019-0421_218_3474,2019-0421
2019-0421_217_3475,2019-0421
2019-0421_215_3477,2019-0421
2019-0421_214_3478,2019-0421
2019-0421_213_3479,2019-0421
2019-0421_211_3481,2019-0421
2019-0421_209_3483,2019-0421
2019-0341_269_3592,2019-0341
2019-0341_267_3594,2019-0341
2019-0341_263_3598,2019-0341
2019-0341_257_3604,2019-0341
2019-0341_256_3605,2019-0341
2019-0341_255_3606,2019-0341
2019-0568_269_3607,2019-0568
2019-0568_268_3608,2019-0568
2019-0568_267_3609,2019-0568
2019-0568_266_3610,2019-0568
2019-0568_265_3611,2019-0568
2019-0568_264_3612,2019-0568
2019-0568_263_3613,2019-0568
2019-0568_260_3616,2019-0568
2019-0568_257_3619,2019-0568
2019-7581_268_3623,2019-7581
2019-7581_266_3625,2019-7581
2019-7581_263_3628,2019-7581
2019-7581_262_3629,2019-7581
2019-9164_269_3637,2019-9164
2019-9164_264_3642,2019-9164
2019-9164_262_3644,2019-9164
2019-9164_258_3648,2019-9164
2019-9164_255_3651,2019-9164
2019-M015_269_3652,2019-M015
2019-M015_268_3653,2019-M015
2019-M015_267_3654,2019-M015
2019-M015_266_3655,2019-M015
2019-M015_265_3656,2019-M015
2019-M015_264_3657,2019-M015
2019-M015_262_3659,2019-M015
2019-M015_261_3660,2019-M015
2019-M015_260_3661,2019-M015
2019-M015_257_3664,2019-M015
2019-0329_269_3670,2019-0329
2019-0329_268_3671,2019-0329
2019-0329_267_3672,2019-0329
2019-0329_266_3673,2019-0329
2019-0329_265_3674,2019-0329
2019-0329_264_3675,2019-0329
2019-0329_263_3676,2019-0329
2019-0329_262_3677,2019-0329
2019-0329_260_3679,2019-0329
2019-0329_259_3680,2019-0329
2019-0329_258_3681,2019-0329
2019-0329_256_3683,2019-0329
2019-0329_242_3685,2019-0329
2019-5014_237_3687,2019-5014
2019-5014_236_3688,2019-5014
2019-5014_235_3689,2019-5014
2019-5014_234_3690,2019-5014
2019-5014_233_3691,2019-5014
2019-5014_232_3692,2019-5014
2019-5014_231_3693,2019-5014
2019-5014_230_3694,2019-5014
2019-5014_228_3696,2019-5014
2019-5014_225_3698,2019-5014
2019-5014_224_3699,2019-5014
2019-5014_223_3700,2019-5014
2019-5014_222_3701,2019-5014
2019-5014_218_3705,2019-5014
2019-5014_217_3706,2019-5014
2019-5014_212_3711,2019-5014
2019-5014_211_3712,2019-5014
2019-5014_210_3713,2019-5014
2019-5014_208_3715,2019-5014
2019-7485_269_3717,2019-7485
2019-7485_267_3719,2019-7485
2019-7485_264_3722,2019-7485
2019-7485_257_3728,2019-7485
2019-7485_256_3729,2019-7485
2019-7485_255_3730,2019-7485
2019-M014_269_3731,2019-M014
2019-M014_267_3733,2019-M014
2019-M014_265_3735,2019-M014
2019-M014_263_3737,2019-M014
2019-M014_255_3745,2019-M014
2019-0429_269_3746,2019-0429
2019-0429_268_3747,2019-0429
2019-0429_267_3748,2019-0429
2019-0429_265_3750,2019-0429
2019-0429_264_3751,2019-0429
2019-0429_263_3752,2019-0429
2019-0429_262_3753,2019-0429
2019-0429_260_3755,2019-0429
2019-0429_258_3757,2019-0429
2019-0429_257_3758,2019-0429
2019-0328_267_3763,2019-0328
2019-0328_266_3764,2019-0328
2019-0328_264_3766,2019-0328
2019-0328_263_3767,2019-0328
2019-0328_261_3769,2019-0328
2019-0328_260_3770,2019-0328
2019-0328_257_3773,2019-0328
2019-0328_242_3776,2019-0328
2019-0328_240_3778,2019-0328
2019-0337_269_3779,2019-0337
2019-0337_268_3780,2019-0337
2019-0337_267_3781,2019-0337
2019-0337_266_3782,2019-0337
2019-0337_265_3783,2019-0337
2019-0337_264_3784,2019-0337
2019-0337_263_3785,2019-0337
2019-0337_262_3786,2019-0337
2019-0337_261_3787,2019-0337
2019-0337_259_3789,2019-0337
2019-0337_257_3791,2019-0337
2019-0337_256_3792,2019-0337
2019-0337_255_3793,2019-0337
2019-0337_242_3794,2019-0337
2019-0352_237_3797,2019-0352
2019-0352_236_3798,2019-0352
2019-0352_235_3799,2019-0352
2019-0352_234_3800,2019-0352
2019-0352_233_3801,2019-0352
2019-0352_232_3802,2019-0352
2019-0352_231_3803,2019-0352
2019-0352_230_3804,2019-0352
2019-0352_229_3805,2019-0352
2019-0352_228_3806,2019-0352
2019-0352_227_3807,2019-0352
2019-0352_225_3809,2019-0352
2019-0352_223_3811,2019-0352
2019-0352_222_3812,2019-0352
2019-0352_221_3813,2019-0352
2019-0352_219_3815,2019-0352
2019-0352_218_3816,2019-0352
2019-0352_217_3817,2019-0352
2019-0352_216_3818,2019-0352
2019-0352_215_3819,2019-0352
2019-0352_211_3821,2019-0352
2019-0352_210_3822,2019-0352
2019-0352_207_3825,2019-0352
2019-0605_285_3826,2019-0605
2019-0605_284_3827,2019-0605
2019-0605_283_3828,2019-0605
2019-0605_282_3829,2019-0605
2019-0605_281_3830,2019-0605
2019-0605_280_3831,2019-0605
2019-0605_279_3832,2019-0605
2019-0605_278_3833,2019-0605
2019-0605_277_3834,2019-0605
2019-0605_276_3835,2019-0605
2019-0605_275_3836,2019-0605
2019-0605_274_3837,2019-0605
2019-0605_273_3838,2019-0605
2019-0605_272_3839,2019-0605
2019-0605_271_3840,2019-0605
